"order_month","year_month","order_year","order_month_num","provinsi","total_orders","total_revenue","avg_order_value","total_items","unique_customers","total_discount","discounted_orders"
"2023-12-01","2023-12",2023,12,"BALI",5,"325480.00","65096",8,4,"0.00",0
"2023-12-01","2023-12",2023,12,"BANGKA BELITUNG",2,"108120.00","54060",7,2,"0.00",0
"2023-12-01","2023-12",2023,12,"BANTEN",71,"4858344.00","68427",210,8,"0.00",0
"2023-12-01","2023-12",2023,12,"BENGKULU",1,"39520.00","39520",1,1,"0.00",0
"2023-12-01","2023-12",2023,12,"DKI JAKARTA",71,"5803294.00","81737",142,5,"0.00",0
"2023-12-01","2023-12",2023,12,"JAMBI",3,"159546.00","53182",12,3,"0.00",0
"2023-12-01","2023-12",2023,12,"JAWA BARAT",133,"7210264.00","54213",290,23,"0.00",0
"2023-12-01","2023-12",2023,12,"JAWA TENGAH",18,"1115169.00","61954",49,14,"0.00",0
"2023-12-01","2023-12",2023,12,"JAWA TIMUR",7,"342398.00","48914",9,6,"0.00",0
"2023-12-01","2023-12",2023,12,"KALIMANTAN BARAT",7,"919401.00","131343",36,4,"0.00",0
"2023-12-01","2023-12",2023,12,"KALIMANTAN TENGAH",3,"350283.00","116761",12,3,"0.00",0
"2023-12-01","2023-12",2023,12,"KALIMANTAN TIMUR",3,"515240.00","171747",12,2,"0.00",0
"2023-12-01","2023-12",2023,12,"LAMPUNG",3,"83640.00","27880",3,2,"0.00",0
"2023-12-01","2023-12",2023,12,"NANGGROE ACEH DARUSSALAM (NAD)",2,"87800.00","43900",4,2,"0.00",0
"2023-12-01","2023-12",2023,12,"RIAU",3,"280000.00","93333",3,3,"0.00",0
"2023-12-01","2023-12",2023,12,"SULAWESI SELATAN",3,"405000.00","135000",3,3,"0.00",0
"2023-12-01","2023-12",2023,12,"SULAWESI TENGAH",1,"121120.00","121120",5,1,"0.00",0
"2023-12-01","2023-12",2023,12,"SUMATERA BARAT",3,"229280.00","76427",11,3,"0.00",0
"2023-12-01","2023-12",2023,12,"SUMATERA SELATAN",10,"690504.00","69050",17,2,"0.00",0
"2023-12-01","2023-12",2023,12,"SUMATERA UTARA",3,"205722.00","68574",7,2,"0.00",0
"2024-01-01","2024-01",2024,1,"BALI",1,"89400.00","89400",6,1,"0.00",0
"2024-01-01","2024-01",2024,1,"BANGKA BELITUNG",1,"79000.00","79000",5,1,"0.00",0
"2024-01-01","2024-01",2024,1,"BANTEN",80,"3417376.00","42717",147,7,"0.00",0
"2024-01-01","2024-01",2024,1,"BENGKULU",2,"224106.00","112053",8,2,"0.00",0
"2024-01-01","2024-01",2024,1,"DI YOGYAKARTA",2,"84858.00","42429",3,2,"0.00",0
"2024-01-01","2024-01",2024,1,"DKI JAKARTA",79,"6905155.00","87407",259,5,"0.00",0
"2024-01-01","2024-01",2024,1,"JAMBI",4,"211538.00","52885",8,4,"0.00",0
"2024-01-01","2024-01",2024,1,"JAWA BARAT",134,"6757303.00","50428",317,21,"0.00",0
"2024-01-01","2024-01",2024,1,"JAWA TENGAH",11,"838486.00","76226",39,9,"0.00",0
"2024-01-01","2024-01",2024,1,"JAWA TIMUR",18,"1934886.00","107494",51,15,"0.00",0
"2024-01-01","2024-01",2024,1,"KALIMANTAN BARAT",3,"257880.00","85960",6,3,"0.00",0
"2024-01-01","2024-01",2024,1,"KALIMANTAN SELATAN",1,"111760.00","111760",5,1,"0.00",0
"2024-01-01","2024-01",2024,1,"KALIMANTAN TENGAH",1,"39000.00","39000",2,1,"0.00",0
"2024-01-01","2024-01",2024,1,"KALIMANTAN TIMUR",2,"177476.00","88738",8,2,"0.00",0
"2024-01-01","2024-01",2024,1,"LAMPUNG",1,"100840.00","100840",7,1,"0.00",0
"2024-01-01","2024-01",2024,1,"NUSA TENGGARA BARAT (NTB)",3,"372616.00","124205",10,3,"0.00",0
"2024-01-01","2024-01",2024,1,"RIAU",5,"656381.00","131276",25,2,"0.00",0
"2024-01-01","2024-01",2024,1,"SULAWESI SELATAN",2,"142200.00","71100",3,2,"0.00",0
"2024-01-01","2024-01",2024,1,"SUMATERA BARAT",6,"445366.00","74228",19,4,"0.00",0
"2024-01-01","2024-01",2024,1,"SUMATERA SELATAN",8,"1539570.00","192446",136,5,"181500.00",1
"2024-01-01","2024-01",2024,1,"SUMATERA UTARA",3,"107284.00","35761",5,3,"0.00",0
"2024-02-01","2024-02",2024,2,"BALI",1,"52752.00","52752",4,1,"0.00",0
"2024-02-01","2024-02",2024,2,"BANGKA BELITUNG",2,"81392.00","40696",3,2,"0.00",0
"2024-02-01","2024-02",2024,2,"BANTEN",67,"4049021.00","60433",134,8,"0.00",0
"2024-02-01","2024-02",2024,2,"DI YOGYAKARTA",3,"114100.00","38033",6,2,"0.00",0
"2024-02-01","2024-02",2024,2,"DKI JAKARTA",65,"4085903.00","62860",173,5,"0.00",0
"2024-02-01","2024-02",2024,2,"JAMBI",4,"326088.00","81522",17,3,"0.00",0
"2024-02-01","2024-02",2024,2,"JAWA BARAT",115,"5754018.00","50035",192,24,"0.00",0
"2024-02-01","2024-02",2024,2,"JAWA TENGAH",15,"1899134.00","126609",53,12,"0.00",0
"2024-02-01","2024-02",2024,2,"JAWA TIMUR",11,"947380.00","86125",37,8,"0.00",0
"2024-02-01","2024-02",2024,2,"KALIMANTAN BARAT",1,"141400.00","141400",5,1,"0.00",0
"2024-02-01","2024-02",2024,2,"KALIMANTAN SELATAN",1,"64960.00","64960",2,1,"0.00",0
"2024-02-01","2024-02",2024,2,"KALIMANTAN TENGAH",1,"72448.00","72448",2,1,"0.00",0
"2024-02-01","2024-02",2024,2,"KALIMANTAN TIMUR",1,"111300.00","111300",7,1,"0.00",0
"2024-02-01","2024-02",2024,2,"KALIMANTAN UTARA",1,"153816.00","153816",7,1,"0.00",0
"2024-02-01","2024-02",2024,2,"LAMPUNG",5,"255794.00","51159",11,5,"0.00",0
"2024-02-01","2024-02",2024,2,"NANGGROE ACEH DARUSSALAM (NAD)",1,"60800.00","60800",1,1,"0.00",0
"2024-02-01","2024-02",2024,2,"NUSA TENGGARA BARAT (NTB)",2,"74800.00","37400",5,2,"0.00",0
"2024-02-01","2024-02",2024,2,"RIAU",3,"228460.00","76153",9,3,"0.00",0
"2024-02-01","2024-02",2024,2,"SULAWESI BARAT",1,"119560.00","119560",1,1,"0.00",0
"2024-02-01","2024-02",2024,2,"SULAWESI SELATAN",3,"219296.00","73099",4,2,"0.00",0
"2024-02-01","2024-02",2024,2,"SUMATERA BARAT",2,"161526.00","80763",9,1,"0.00",0
"2024-02-01","2024-02",2024,2,"SUMATERA SELATAN",15,"1799323.00","119955",146,5,"181500.00",1
"2024-02-01","2024-02",2024,2,"SUMATERA UTARA",7,"368105.00","52586",7,6,"0.00",0
"2024-03-01","2024-03",2024,3,"BALI",1,"41400.00","41400",1,1,"0.00",0
"2024-03-01","2024-03",2024,3,"BANTEN",70,"5279540.00","75422",230,7,"0.00",0
"2024-03-01","2024-03",2024,3,"BENGKULU",5,"474424.00","94885",11,2,"0.00",0
"2024-03-01","2024-03",2024,3,"DI YOGYAKARTA",2,"193471.00","96736",16,2,"0.00",0
"2024-03-01","2024-03",2024,3,"DKI JAKARTA",75,"4515778.00","60210",287,5,"35000.00",1
"2024-03-01","2024-03",2024,3,"JAMBI",5,"337154.00","67431",17,4,"0.00",0
"2024-03-01","2024-03",2024,3,"JAWA BARAT",157,"11187621.00","71259",487,22,"0.00",0
"2024-03-01","2024-03",2024,3,"JAWA TENGAH",17,"1213668.00","71392",57,14,"0.00",0
"2024-03-01","2024-03",2024,3,"JAWA TIMUR",14,"621192.00","44371",25,9,"0.00",0
"2024-03-01","2024-03",2024,3,"KALIMANTAN BARAT",2,"166944.00","83472",3,2,"0.00",0
"2024-03-01","2024-03",2024,3,"KALIMANTAN TIMUR",1,"86471.00","86471",1,1,"0.00",0
"2024-03-01","2024-03",2024,3,"KEPULAUAN RIAU",2,"154360.00","77180",2,1,"0.00",0
"2024-03-01","2024-03",2024,3,"LAMPUNG",2,"64296.00","32148",2,2,"0.00",0
"2024-03-01","2024-03",2024,3,"NUSA TENGGARA BARAT (NTB)",1,"69120.00","69120",2,1,"0.00",0
"2024-03-01","2024-03",2024,3,"RIAU",7,"608832.00","86976",28,4,"0.00",0
"2024-03-01","2024-03",2024,3,"SULAWESI BARAT",2,"158520.00","79260",11,1,"0.00",0
"2024-03-01","2024-03",2024,3,"SULAWESI SELATAN",1,"86280.00","86280",3,1,"0.00",0
"2024-03-01","2024-03",2024,3,"SULAWESI TENGAH",1,"38896.00","38896",2,1,"0.00",0
"2024-03-01","2024-03",2024,3,"SUMATERA BARAT",10,"958988.00","95899",56,6,"0.00",0
"2024-03-01","2024-03",2024,3,"SUMATERA SELATAN",9,"3727704.00","414189",406,3,"565500.00",2
"2024-03-01","2024-03",2024,3,"SUMATERA UTARA",5,"275075.00","55015",11,5,"0.00",0
"2024-04-01","2024-04",2024,4,"BANGKA BELITUNG",1,"35900.00","35900",4,1,"0.00",0
"2024-04-01","2024-04",2024,4,"BANTEN",90,"4087474.00","45416",170,8,"0.00",0
"2024-04-01","2024-04",2024,4,"BENGKULU",3,"231924.00","77308",9,2,"0.00",0
"2024-04-01","2024-04",2024,4,"DI YOGYAKARTA",3,"159160.00","53053",5,1,"0.00",0
"2024-04-01","2024-04",2024,4,"DKI JAKARTA",70,"2995017.00","42786",134,5,"0.00",0
"2024-04-01","2024-04",2024,4,"JAMBI",4,"236108.00","59027",13,4,"0.00",0
"2024-04-01","2024-04",2024,4,"JAWA BARAT",170,"8581542.00","50480",447,20,"0.00",0
"2024-04-01","2024-04",2024,4,"JAWA TENGAH",7,"291219.00","41603",14,5,"0.00",0
"2024-04-01","2024-04",2024,4,"JAWA TIMUR",14,"924093.00","66007",66,11,"0.00",0
"2024-04-01","2024-04",2024,4,"KALIMANTAN BARAT",3,"294512.00","98171",5,3,"0.00",0
"2024-04-01","2024-04",2024,4,"KALIMANTAN SELATAN",1,"90440.00","90440",3,1,"0.00",0
"2024-04-01","2024-04",2024,4,"KALIMANTAN TENGAH",3,"325400.00","108467",15,3,"0.00",0
"2024-04-01","2024-04",2024,4,"KALIMANTAN TIMUR",3,"334032.00","111344",8,3,"0.00",0
"2024-04-01","2024-04",2024,4,"KEPULAUAN RIAU",1,"28775.00","28775",6,1,"0.00",0
"2024-04-01","2024-04",2024,4,"LAMPUNG",9,"1033468.00","114830",127,5,"150000.00",1
"2024-04-01","2024-04",2024,4,"MALUKU UTARA",1,"236040.00","236040",12,1,"0.00",0
"2024-04-01","2024-04",2024,4,"NANGGROE ACEH DARUSSALAM (NAD)",1,"71980.00","71980",1,1,"0.00",0
"2024-04-01","2024-04",2024,4,"RIAU",4,"492555.00","123139",17,3,"0.00",0
"2024-04-01","2024-04",2024,4,"SULAWESI SELATAN",1,"54144.00","54144",2,1,"0.00",0
"2024-04-01","2024-04",2024,4,"SULAWESI UTARA",1,"98239.00","98239",1,1,"0.00",0
"2024-04-01","2024-04",2024,4,"SUMATERA BARAT",3,"164928.00","54976",9,3,"0.00",0
"2024-04-01","2024-04",2024,4,"SUMATERA SELATAN",8,"438812.00","54852",28,4,"0.00",0
"2024-04-01","2024-04",2024,4,"SUMATERA UTARA",2,"54900.00","27450",3,2,"0.00",0
"2024-05-01","2024-05",2024,5,"BALI",2,"113636.00","56818",2,1,"0.00",0
"2024-05-01","2024-05",2024,5,"BANGKA BELITUNG",4,"181523.00","45381",7,3,"0.00",0
"2024-05-01","2024-05",2024,5,"BANTEN",116,"6959139.00","59993",287,8,"0.00",0
"2024-05-01","2024-05",2024,5,"DI YOGYAKARTA",5,"360556.00","72111",16,4,"0.00",0
"2024-05-01","2024-05",2024,5,"DKI JAKARTA",99,"6898465.00","69681",182,5,"0.00",0
"2024-05-01","2024-05",2024,5,"GORONTALO",2,"243240.00","121620",3,2,"0.00",0
"2024-05-01","2024-05",2024,5,"JAMBI",4,"164768.00","41192",5,2,"0.00",0
"2024-05-01","2024-05",2024,5,"JAWA BARAT",208,"8490047.00","40818",393,22,"0.00",0
"2024-05-01","2024-05",2024,5,"JAWA TENGAH",21,"4128619.00","196601",55,13,"0.00",0
"2024-05-01","2024-05",2024,5,"JAWA TIMUR",6,"3122120.00","520353",20,6,"0.00",0
"2024-05-01","2024-05",2024,5,"KALIMANTAN BARAT",2,"113218.00","56609",4,2,"0.00",0
"2024-05-01","2024-05",2024,5,"KALIMANTAN SELATAN",1,"51336.00","51336",1,1,"0.00",0
"2024-05-01","2024-05",2024,5,"KALIMANTAN TENGAH",1,"116480.00","116480",4,1,"0.00",0
"2024-05-01","2024-05",2024,5,"KALIMANTAN TIMUR",3,"683800.00","227933",9,2,"0.00",0
"2024-05-01","2024-05",2024,5,"KALIMANTAN UTARA",1,"130194.00","130194",1,1,"0.00",0
"2024-05-01","2024-05",2024,5,"KEPULAUAN RIAU",3,"220486.00","73495",8,3,"0.00",0
"2024-05-01","2024-05",2024,5,"LAMPUNG",11,"790689.00","71881",37,4,"0.00",0
"2024-05-01","2024-05",2024,5,"NANGGROE ACEH DARUSSALAM (NAD)",2,"171950.00","85975",10,1,"0.00",0
"2024-05-01","2024-05",2024,5,"NUSA TENGGARA BARAT (NTB)",1,"94000.00","94000",1,1,"0.00",0
"2024-05-01","2024-05",2024,5,"RIAU",1,"99566.00","99566",1,1,"0.00",0
"2024-05-01","2024-05",2024,5,"SULAWESI SELATAN",10,"660763.00","66076",12,7,"0.00",0
"2024-05-01","2024-05",2024,5,"SULAWESI TENGAH",1,"126543.00","126543",6,1,"0.00",0
"2024-05-01","2024-05",2024,5,"SULAWESI UTARA",1,"59240.00","59240",1,1,"0.00",0
"2024-05-01","2024-05",2024,5,"SUMATERA BARAT",3,"88148.00","29383",4,2,"0.00",0
"2024-05-01","2024-05",2024,5,"SUMATERA SELATAN",12,"1036552.00","86379",46,8,"0.00",0
"2024-05-01","2024-05",2024,5,"SUMATERA UTARA",5,"425496.00","85099",9,4,"0.00",0
"2024-06-01","2024-06",2024,6,"BALI",5,"245160.00","49032",8,4,"0.00",0
"2024-06-01","2024-06",2024,6,"BANGKA BELITUNG",3,"117800.00","39267",4,2,"0.00",0
"2024-06-01","2024-06",2024,6,"BANTEN",136,"6268700.00","46093",400,8,"300000.00",2
"2024-06-01","2024-06",2024,6,"BENGKULU",3,"208944.00","69648",11,2,"0.00",0
"2024-06-01","2024-06",2024,6,"DI YOGYAKARTA",2,"68040.00","34020",3,2,"0.00",0
"2024-06-01","2024-06",2024,6,"DKI JAKARTA",106,"6677200.00","62992",159,5,"0.00",0
"2024-06-01","2024-06",2024,6,"GORONTALO",1,"29392.00","29392",1,1,"0.00",0
"2024-06-01","2024-06",2024,6,"JAMBI",10,"426671.00","42667",24,5,"0.00",0
"2024-06-01","2024-06",2024,6,"JAWA BARAT",222,"10759020.00","48464",598,24,"0.00",0
"2024-06-01","2024-06",2024,6,"JAWA TENGAH",34,"1596292.00","46950",62,17,"0.00",0
"2024-06-01","2024-06",2024,6,"JAWA TIMUR",19,"1029180.00","54167",42,11,"0.00",0
"2024-06-01","2024-06",2024,6,"KALIMANTAN BARAT",7,"771242.00","110177",18,3,"0.00",0
"2024-06-01","2024-06",2024,6,"KALIMANTAN SELATAN",4,"611870.00","152968",10,3,"0.00",0
"2024-06-01","2024-06",2024,6,"KALIMANTAN TENGAH",4,"166577.00","41644",6,1,"0.00",0
"2024-06-01","2024-06",2024,6,"KALIMANTAN TIMUR",2,"158624.00","79312",3,2,"0.00",0
"2024-06-01","2024-06",2024,6,"KEPULAUAN RIAU",1,"35744.00","35744",2,1,"0.00",0
"2024-06-01","2024-06",2024,6,"LAMPUNG",9,"442604.00","49178",22,7,"0.00",0
"2024-06-01","2024-06",2024,6,"NANGGROE ACEH DARUSSALAM (NAD)",2,"143960.00","71980",4,1,"0.00",0
"2024-06-01","2024-06",2024,6,"NUSA TENGGARA BARAT (NTB)",1,"83680.00","83680",3,1,"0.00",0
"2024-06-01","2024-06",2024,6,"RIAU",5,"315273.00","63055",15,3,"0.00",0
"2024-06-01","2024-06",2024,6,"SULAWESI SELATAN",6,"435384.00","72564",11,6,"0.00",0
"2024-06-01","2024-06",2024,6,"SULAWESI TENGAH",1,"104272.00","104272",1,1,"0.00",0
"2024-06-01","2024-06",2024,6,"SULAWESI TENGGARA",1,"99840.00","99840",1,1,"0.00",0
"2024-06-01","2024-06",2024,6,"SULAWESI UTARA",1,"236040.00","236040",10,1,"0.00",0
"2024-06-01","2024-06",2024,6,"SUMATERA BARAT",5,"331093.00","66219",18,4,"0.00",0
"2024-06-01","2024-06",2024,6,"SUMATERA SELATAN",11,"451967.00","41088",19,7,"0.00",0
"2024-06-01","2024-06",2024,6,"SUMATERA UTARA",7,"651356.00","93051",14,5,"0.00",0
"2024-07-01","2024-07",2024,7,"BALI",18,"1497946.00","83219",32,5,"0.00",0
"2024-07-01","2024-07",2024,7,"BANGKA BELITUNG",11,"707291.00","64299",34,6,"0.00",0
"2024-07-01","2024-07",2024,7,"BANTEN",244,"11660397.00","47789",550,8,"10000.00",2
"2024-07-01","2024-07",2024,7,"BENGKULU",8,"722961.00","90370",48,3,"0.00",0
"2024-07-01","2024-07",2024,7,"DI YOGYAKARTA",7,"468106.00","66872",25,3,"0.00",0
"2024-07-01","2024-07",2024,7,"DKI JAKARTA",188,"8691029.00","46229",357,5,"24000.00",1
"2024-07-01","2024-07",2024,7,"GORONTALO",2,"104544.00","52272",4,2,"0.00",0
"2024-07-01","2024-07",2024,7,"JAMBI",12,"621890.00","51824",32,5,"0.00",0
"2024-07-01","2024-07",2024,7,"JAWA BARAT",382,"14737881.00","38581",779,27,"0.00",0
"2024-07-01","2024-07",2024,7,"JAWA TENGAH",56,"7256782.00","129585",115,25,"0.00",0
"2024-07-01","2024-07",2024,7,"JAWA TIMUR",49,"5385763.00","109914",207,23,"0.00",0
"2024-07-01","2024-07",2024,7,"KALIMANTAN BARAT",12,"1051998.00","87667",20,9,"0.00",0
"2024-07-01","2024-07",2024,7,"KALIMANTAN SELATAN",2,"216760.00","108380",2,2,"0.00",0
"2024-07-01","2024-07",2024,7,"KALIMANTAN TENGAH",2,"246920.00","123460",12,2,"0.00",0
"2024-07-01","2024-07",2024,7,"KALIMANTAN TIMUR",6,"412952.00","68825",16,4,"0.00",0
"2024-07-01","2024-07",2024,7,"KEPULAUAN RIAU",8,"688275.00","86034",27,4,"6000.00",1
"2024-07-01","2024-07",2024,7,"LAMPUNG",23,"1852172.00","80529",52,11,"0.00",0
"2024-07-01","2024-07",2024,7,"MALUKU",1,"137500.00","137500",3,1,"0.00",0
"2024-07-01","2024-07",2024,7,"NANGGROE ACEH DARUSSALAM (NAD)",4,"275752.00","68938",23,2,"0.00",0
"2024-07-01","2024-07",2024,7,"NUSA TENGGARA BARAT (NTB)",5,"341232.00","68246",7,3,"0.00",0
"2024-07-01","2024-07",2024,7,"RIAU",11,"695776.00","63252",31,5,"0.00",0
"2024-07-01","2024-07",2024,7,"SULAWESI SELATAN",12,"2134912.00","177909",130,6,"0.00",0
"2024-07-01","2024-07",2024,7,"SULAWESI TENGAH",2,"116272.00","58136",4,2,"0.00",0
"2024-07-01","2024-07",2024,7,"SULAWESI TENGGARA",1,"188616.00","188616",3,1,"0.00",0
"2024-07-01","2024-07",2024,7,"SULAWESI UTARA",1,"50400.00","50400",2,1,"0.00",0
"2024-07-01","2024-07",2024,7,"SUMATERA BARAT",10,"371184.00","37118",19,5,"0.00",0
"2024-07-01","2024-07",2024,7,"SUMATERA SELATAN",24,"1924774.00","80199",169,5,"181500.00",1
"2024-07-01","2024-07",2024,7,"SUMATERA UTARA",13,"1231460.00","94728",42,8,"0.00",0
"2024-08-01","2024-08",2024,8,"BALI",7,"448034.00","64005",19,5,"0.00",0
"2024-08-01","2024-08",2024,8,"BANGKA BELITUNG",9,"497592.00","55288",24,3,"0.00",0
"2024-08-01","2024-08",2024,8,"BANTEN",216,"11362041.00","52602",589,8,"110000.00",2
"2024-08-01","2024-08",2024,8,"BENGKULU",6,"283097.00","47183",11,4,"0.00",0
"2024-08-01","2024-08",2024,8,"DI YOGYAKARTA",12,"733997.00","61166",40,3,"0.00",0
"2024-08-01","2024-08",2024,8,"DKI JAKARTA",193,"12614550.00","65360",626,5,"300000.00",1
"2024-08-01","2024-08",2024,8,"JAMBI",10,"451484.00","45148",20,5,"0.00",0
"2024-08-01","2024-08",2024,8,"JAWA BARAT",388,"15402883.00","39698",806,25,"12000.00",1
"2024-08-01","2024-08",2024,8,"JAWA TENGAH",46,"5476317.00","119050",87,23,"0.00",0
"2024-08-01","2024-08",2024,8,"JAWA TIMUR",59,"6172849.00","104625",136,27,"0.00",0
"2024-08-01","2024-08",2024,8,"KALIMANTAN BARAT",11,"514298.00","46754",18,5,"0.00",0
"2024-08-01","2024-08",2024,8,"KALIMANTAN SELATAN",2,"82431.00","41216",3,2,"0.00",0
"2024-08-01","2024-08",2024,8,"KALIMANTAN TENGAH",4,"244983.00","61246",10,3,"0.00",0
"2024-08-01","2024-08",2024,8,"KALIMANTAN TIMUR",3,"127456.00","42485",6,2,"0.00",0
"2024-08-01","2024-08",2024,8,"KEPULAUAN RIAU",2,"81440.00","40720",4,2,"0.00",0
"2024-08-01","2024-08",2024,8,"LAMPUNG",23,"2400461.00","104368",137,7,"4000.00",1
"2024-08-01","2024-08",2024,8,"MALUKU",1,"482440.00","482440",1,1,"0.00",0
"2024-08-01","2024-08",2024,8,"MALUKU UTARA",2,"860100.00","430050",13,2,"0.00",0
"2024-08-01","2024-08",2024,8,"NANGGROE ACEH DARUSSALAM (NAD)",5,"315412.00","63082",11,5,"0.00",0
"2024-08-01","2024-08",2024,8,"NUSA TENGGARA BARAT (NTB)",10,"1300573.00","130057",21,5,"0.00",0
"2024-08-01","2024-08",2024,8,"RIAU",14,"805140.00","57510",29,7,"0.00",0
"2024-08-01","2024-08",2024,8,"SULAWESI BARAT",1,"59552.00","59552",2,1,"0.00",0
"2024-08-01","2024-08",2024,8,"SULAWESI SELATAN",10,"602211.00","60221",19,5,"0.00",0
"2024-08-01","2024-08",2024,8,"SULAWESI TENGAH",5,"595031.00","119006",7,4,"0.00",0
"2024-08-01","2024-08",2024,8,"SULAWESI TENGGARA",2,"181388.00","90694",3,2,"0.00",0
"2024-08-01","2024-08",2024,8,"SULAWESI UTARA",4,"827219.00","206805",15,2,"0.00",0
"2024-08-01","2024-08",2024,8,"SUMATERA BARAT",16,"695028.00","43439",39,8,"0.00",0
"2024-08-01","2024-08",2024,8,"SUMATERA SELATAN",27,"1810237.00","67046",68,8,"0.00",0
"2024-08-01","2024-08",2024,8,"SUMATERA UTARA",9,"510882.00","56765",20,6,"0.00",0
"2024-09-01","2024-09",2024,9,"BALI",14,"1197208.00","85515",34,6,"0.00",0
"2024-09-01","2024-09",2024,9,"BANGKA BELITUNG",11,"488814.00","44438",19,5,"0.00",0
"2024-09-01","2024-09",2024,9,"BANTEN",163,"9422437.00","57806",410,8,"20000.00",2
"2024-09-01","2024-09",2024,9,"BENGKULU",6,"342478.00","57080",15,3,"0.00",0
"2024-09-01","2024-09",2024,9,"DI YOGYAKARTA",10,"673800.00","67380",18,4,"0.00",0
"2024-09-01","2024-09",2024,9,"DKI JAKARTA",147,"7204425.00","49010",321,6,"2400.00",1
"2024-09-01","2024-09",2024,9,"GORONTALO",1,"41080.00","41080",2,1,"0.00",0
"2024-09-01","2024-09",2024,9,"JAMBI",6,"320383.00","53397",13,5,"0.00",0
"2024-09-01","2024-09",2024,9,"JAWA BARAT",318,"16389954.00","51541",673,27,"40000.00",2
"2024-09-01","2024-09",2024,9,"JAWA TENGAH",59,"11190476.00","189669",152,22,"0.00",0
"2024-09-01","2024-09",2024,9,"JAWA TIMUR",100,"10046799.00","100468",388,36,"700000.00",1
"2024-09-01","2024-09",2024,9,"KALIMANTAN BARAT",6,"383098.00","63850",10,5,"0.00",0
"2024-09-01","2024-09",2024,9,"KALIMANTAN SELATAN",5,"2573494.00","514699",11,4,"0.00",0
"2024-09-01","2024-09",2024,9,"KALIMANTAN TENGAH",4,"229354.00","57339",7,3,"0.00",0
"2024-09-01","2024-09",2024,9,"KALIMANTAN TIMUR",4,"320100.00","80025",19,3,"0.00",0
"2024-09-01","2024-09",2024,9,"KALIMANTAN UTARA",2,"213708.00","106854",3,2,"0.00",0
"2024-09-01","2024-09",2024,9,"KEPULAUAN RIAU",5,"332330.00","66466",15,3,"0.00",0
"2024-09-01","2024-09",2024,9,"LAMPUNG",24,"1162509.00","48438",49,5,"0.00",0
"2024-09-01","2024-09",2024,9,"MALUKU",2,"116880.00","58440",4,1,"0.00",0
"2024-09-01","2024-09",2024,9,"NANGGROE ACEH DARUSSALAM (NAD)",3,"255680.00","85227",5,3,"0.00",0
"2024-09-01","2024-09",2024,9,"NUSA TENGGARA BARAT (NTB)",1,"367221.00","367221",2,1,"0.00",0
"2024-09-01","2024-09",2024,9,"NUSA TENGGARA TIMUR (NTT)",1,"52480.00","52480",1,1,"0.00",0
"2024-09-01","2024-09",2024,9,"RIAU",11,"908826.00","82621",20,7,"0.00",0
"2024-09-01","2024-09",2024,9,"SULAWESI BARAT",1,"195130.00","195130",1,1,"0.00",0
"2024-09-01","2024-09",2024,9,"SULAWESI SELATAN",9,"840415.00","93379",16,7,"0.00",0
"2024-09-01","2024-09",2024,9,"SULAWESI TENGAH",1,"90883.00","90883",2,1,"0.00",0
"2024-09-01","2024-09",2024,9,"SULAWESI TENGGARA",1,"932000.00","932000",2,1,"0.00",0
"2024-09-01","2024-09",2024,9,"SULAWESI UTARA",2,"126980.00","63490",2,1,"0.00",0
"2024-09-01","2024-09",2024,9,"SUMATERA BARAT",11,"448691.00","40790",33,4,"6500.00",1
"2024-09-01","2024-09",2024,9,"SUMATERA SELATAN",21,"1606585.00","76504",166,4,"181500.00",1
"2024-09-01","2024-09",2024,9,"SUMATERA UTARA",18,"2718879.00","151049",84,7,"0.00",0
"2024-10-01","2024-10",2024,10,"BALI",11,"1745300.00","158664",45,5,"0.00",0
"2024-10-01","2024-10",2024,10,"BANGKA BELITUNG",10,"518377.00","51838",22,5,"0.00",0
"2024-10-01","2024-10",2024,10,"BANTEN",173,"12478018.00","72127",360,8,"0.00",0
"2024-10-01","2024-10",2024,10,"BENGKULU",5,"228616.00","45723",10,2,"0.00",0
"2024-10-01","2024-10",2024,10,"DI YOGYAKARTA",17,"812582.00","47799",58,5,"0.00",0
"2024-10-01","2024-10",2024,10,"DKI JAKARTA",148,"9116826.00","61600",499,5,"105000.00",1
"2024-10-01","2024-10",2024,10,"GORONTALO",2,"58620.00","29310",2,2,"0.00",0
"2024-10-01","2024-10",2024,10,"JAMBI",10,"444000.00","44400",19,5,"0.00",0
"2024-10-01","2024-10",2024,10,"JAWA BARAT",320,"13764953.00","43015",580,27,"0.00",0
"2024-10-01","2024-10",2024,10,"JAWA TENGAH",93,"6510286.00","70003",176,29,"0.00",0
"2024-10-01","2024-10",2024,10,"JAWA TIMUR",104,"7502191.00","72136",266,29,"10000.00",1
"2024-10-01","2024-10",2024,10,"KALIMANTAN BARAT",8,"573728.00","71716",30,5,"0.00",0
"2024-10-01","2024-10",2024,10,"KALIMANTAN SELATAN",9,"575006.00","63890",21,7,"0.00",0
"2024-10-01","2024-10",2024,10,"KALIMANTAN TENGAH",8,"552005.00","69001",14,4,"0.00",0
"2024-10-01","2024-10",2024,10,"KALIMANTAN TIMUR",10,"1255469.00","125547",18,6,"0.00",0
"2024-10-01","2024-10",2024,10,"LAMPUNG",23,"1515347.00","65885",81,7,"0.00",0
"2024-10-01","2024-10",2024,10,"MALUKU",1,"90050.00","90050",1,1,"0.00",0
"2024-10-01","2024-10",2024,10,"MALUKU UTARA",1,"51960.00","51960",2,1,"0.00",0
"2024-10-01","2024-10",2024,10,"NANGGROE ACEH DARUSSALAM (NAD)",8,"463098.00","57887",16,5,"0.00",0
"2024-10-01","2024-10",2024,10,"NUSA TENGGARA BARAT (NTB)",7,"350682.00","50097",14,5,"0.00",0
"2024-10-01","2024-10",2024,10,"NUSA TENGGARA TIMUR (NTT)",2,"242609.00","121305",2,1,"0.00",0
"2024-10-01","2024-10",2024,10,"RIAU",11,"1113634.00","101239",59,6,"7200.00",1
"2024-10-01","2024-10",2024,10,"SULAWESI BARAT",4,"377216.00","94304",14,4,"0.00",0
"2024-10-01","2024-10",2024,10,"SULAWESI SELATAN",14,"1111329.00","79381",38,6,"0.00",0
"2024-10-01","2024-10",2024,10,"SULAWESI TENGAH",1,"95680.00","95680",2,1,"0.00",0
"2024-10-01","2024-10",2024,10,"SULAWESI TENGGARA",2,"1052920.00","526460",3,1,"0.00",0
"2024-10-01","2024-10",2024,10,"SULAWESI UTARA",1,"111890.00","111890",1,1,"0.00",0
"2024-10-01","2024-10",2024,10,"SUMATERA BARAT",13,"688934.00","52995",23,5,"0.00",0
"2024-10-01","2024-10",2024,10,"SUMATERA SELATAN",30,"1832494.00","61083",177,6,"181500.00",1
"2024-10-01","2024-10",2024,10,"SUMATERA UTARA",12,"3210435.00","267536",18,9,"0.00",0
"2024-11-01","2024-11",2024,11,"BALI",15,"1839579.00","122639",79,5,"0.00",0
"2024-11-01","2024-11",2024,11,"BANGKA BELITUNG",5,"324673.00","64935",10,4,"0.00",0
"2024-11-01","2024-11",2024,11,"BANTEN",138,"6966533.00","50482",317,8,"0.00",0
"2024-11-01","2024-11",2024,11,"BENGKULU",8,"301437.00","37680",17,4,"0.00",0
"2024-11-01","2024-11",2024,11,"DI YOGYAKARTA",18,"803790.00","44655",53,4,"0.00",0
"2024-11-01","2024-11",2024,11,"DKI JAKARTA",110,"6773474.00","61577",334,5,"12000.00",1
"2024-11-01","2024-11",2024,11,"GORONTALO",3,"236016.00","78672",6,3,"0.00",0
"2024-11-01","2024-11",2024,11,"JAMBI",14,"1276952.00","91211",70,6,"0.00",0
"2024-11-01","2024-11",2024,11,"JAWA BARAT",282,"15202398.00","53909",642,26,"33600.00",1
"2024-11-01","2024-11",2024,11,"JAWA TENGAH",71,"7592984.00","106943",171,26,"0.00",0
"2024-11-01","2024-11",2024,11,"JAWA TIMUR",91,"3688951.00","40538",156,30,"0.00",0
"2024-11-01","2024-11",2024,11,"KALIMANTAN BARAT",7,"292908.00","41844",20,4,"0.00",0
"2024-11-01","2024-11",2024,11,"KALIMANTAN SELATAN",2,"75424.00","37712",3,1,"0.00",0
"2024-11-01","2024-11",2024,11,"KALIMANTAN TENGAH",5,"381064.00","76213",12,4,"0.00",0
"2024-11-01","2024-11",2024,11,"KALIMANTAN TIMUR",9,"663860.00","73762",33,7,"0.00",0
"2024-11-01","2024-11",2024,11,"KEPULAUAN RIAU",4,"262239.00","65560",7,2,"0.00",0
"2024-11-01","2024-11",2024,11,"LAMPUNG",17,"486130.00","28596",37,5,"0.00",0
"2024-11-01","2024-11",2024,11,"MALUKU",1,"59760.00","59760",3,1,"0.00",0
"2024-11-01","2024-11",2024,11,"NANGGROE ACEH DARUSSALAM (NAD)",4,"1138212.00","284553",16,3,"0.00",0
"2024-11-01","2024-11",2024,11,"NUSA TENGGARA BARAT (NTB)",3,"1524760.00","508253",15,2,"0.00",0
"2024-11-01","2024-11",2024,11,"NUSA TENGGARA TIMUR (NTT)",2,"110920.00","55460",2,1,"0.00",0
"2024-11-01","2024-11",2024,11,"PAPUA",1,"165000.00","165000",6,1,"0.00",0
"2024-11-01","2024-11",2024,11,"RIAU",12,"716507.00","59709",33,6,"0.00",0
"2024-11-01","2024-11",2024,11,"SULAWESI BARAT",1,"70472.00","70472",2,1,"0.00",0
"2024-11-01","2024-11",2024,11,"SULAWESI SELATAN",4,"259584.00","64896",6,4,"0.00",0
"2024-11-01","2024-11",2024,11,"SULAWESI TENGAH",1,"114048.00","114048",3,1,"0.00",0
"2024-11-01","2024-11",2024,11,"SULAWESI TENGGARA",1,"94808.00","94808",4,1,"0.00",0
"2024-11-01","2024-11",2024,11,"SULAWESI UTARA",2,"199841.00","99921",12,2,"0.00",0
"2024-11-01","2024-11",2024,11,"SUMATERA BARAT",16,"1309888.00","81868",40,6,"0.00",0
"2024-11-01","2024-11",2024,11,"SUMATERA SELATAN",34,"1606288.00","47244",64,10,"0.00",0
"2024-11-01","2024-11",2024,11,"SUMATERA UTARA",11,"369440.00","33585",14,6,"0.00",0
"2024-12-01","2024-12",2024,12,"BALI",10,"760697.00","76070",15,2,"0.00",0
"2024-12-01","2024-12",2024,12,"BANGKA BELITUNG",9,"606870.00","67430",35,4,"0.00",0
"2024-12-01","2024-12",2024,12,"BANTEN",170,"7979728.00","46940",321,8,"0.00",0
"2024-12-01","2024-12",2024,12,"BENGKULU",5,"207416.00","41483",14,2,"0.00",0
"2024-12-01","2024-12",2024,12,"DI YOGYAKARTA",12,"684153.00","57013",30,4,"0.00",0
"2024-12-01","2024-12",2024,12,"DKI JAKARTA",139,"6812289.00","49009",379,5,"0.00",0
"2024-12-01","2024-12",2024,12,"GORONTALO",1,"28248.00","28248",1,1,"0.00",0
"2024-12-01","2024-12",2024,12,"JAMBI",18,"1139517.00","63307",47,7,"0.00",0
"2024-12-01","2024-12",2024,12,"JAWA BARAT",327,"18145644.00","55491",639,25,"0.00",0
"2024-12-01","2024-12",2024,12,"JAWA TENGAH",91,"5534382.00","60817",205,29,"0.00",0
"2024-12-01","2024-12",2024,12,"JAWA TIMUR",84,"3474400.00","41362",144,29,"0.00",0
"2024-12-01","2024-12",2024,12,"KALIMANTAN BARAT",11,"1042814.00","94801",31,7,"0.00",0
"2024-12-01","2024-12",2024,12,"KALIMANTAN SELATAN",11,"563214.00","51201",28,8,"0.00",0
"2024-12-01","2024-12",2024,12,"KALIMANTAN TENGAH",4,"231448.00","57862",4,4,"0.00",0
"2024-12-01","2024-12",2024,12,"KALIMANTAN TIMUR",1,"31576.00","31576",2,1,"0.00",0
"2024-12-01","2024-12",2024,12,"KALIMANTAN UTARA",2,"122356.00","61178",6,1,"0.00",0
"2024-12-01","2024-12",2024,12,"KEPULAUAN RIAU",5,"262200.00","52440",11,3,"0.00",0
"2024-12-01","2024-12",2024,12,"LAMPUNG",27,"805404.00","29830",49,10,"0.00",0
"2024-12-01","2024-12",2024,12,"MALUKU",2,"126965.00","63483",7,1,"0.00",0
"2024-12-01","2024-12",2024,12,"MALUKU UTARA",1,"37296.00","37296",1,1,"0.00",0
"2024-12-01","2024-12",2024,12,"NANGGROE ACEH DARUSSALAM (NAD)",7,"275632.00","39376",27,3,"0.00",0
"2024-12-01","2024-12",2024,12,"NUSA TENGGARA BARAT (NTB)",4,"159360.00","39840",7,2,"0.00",0
"2024-12-01","2024-12",2024,12,"NUSA TENGGARA TIMUR (NTT)",1,"96200.00","96200",1,1,"0.00",0
"2024-12-01","2024-12",2024,12,"RIAU",23,"987800.00","42948",57,9,"0.00",0
"2024-12-01","2024-12",2024,12,"SULAWESI SELATAN",15,"669430.00","44629",32,11,"0.00",0
"2024-12-01","2024-12",2024,12,"SULAWESI TENGAH",4,"228104.00","57026",9,3,"0.00",0
"2024-12-01","2024-12",2024,12,"SULAWESI TENGGARA",5,"952752.00","190550",41,2,"39000.00",3
"2024-12-01","2024-12",2024,12,"SULAWESI UTARA",2,"246088.00","123044",12,2,"0.00",0
"2024-12-01","2024-12",2024,12,"SUMATERA BARAT",10,"390223.00","39022",21,6,"0.00",0
"2024-12-01","2024-12",2024,12,"SUMATERA SELATAN",31,"2306931.00","74417",291,8,"363000.00",2
"2024-12-01","2024-12",2024,12,"SUMATERA UTARA",15,"1151121.00","76741",47,5,"0.00",0
"2025-01-01","2025-01",2025,1,"BALI",5,"209068.00","41814",7,2,"0.00",0
"2025-01-01","2025-01",2025,1,"BANGKA BELITUNG",3,"112136.00","37379",5,2,"0.00",0
"2025-01-01","2025-01",2025,1,"BANTEN",185,"10253968.00","55427",420,8,"5000.00",1
"2025-01-01","2025-01",2025,1,"BENGKULU",12,"666476.00","55540",33,4,"0.00",0
"2025-01-01","2025-01",2025,1,"DI YOGYAKARTA",15,"655560.00","43704",34,5,"0.00",0
"2025-01-01","2025-01",2025,1,"DKI JAKARTA",147,"5300959.00","36061",356,5,"0.00",0
"2025-01-01","2025-01",2025,1,"GORONTALO",2,"91896.00","45948",3,1,"0.00",0
"2025-01-01","2025-01",2025,1,"JAMBI",19,"1044690.00","54984",53,9,"0.00",0
"2025-01-01","2025-01",2025,1,"JAWA BARAT",326,"16520173.00","50675",631,27,"150000.00",1
"2025-01-01","2025-01",2025,1,"JAWA TENGAH",58,"1866578.00","32182",139,25,"0.00",0
"2025-01-01","2025-01",2025,1,"JAWA TIMUR",84,"5350472.00","63696",154,31,"0.00",0
"2025-01-01","2025-01",2025,1,"KALIMANTAN BARAT",13,"831827.00","63987",30,5,"0.00",0
"2025-01-01","2025-01",2025,1,"KALIMANTAN SELATAN",6,"405253.00","67542",22,6,"0.00",0
"2025-01-01","2025-01",2025,1,"KALIMANTAN TENGAH",3,"138443.00","46148",4,2,"0.00",0
"2025-01-01","2025-01",2025,1,"KALIMANTAN TIMUR",5,"266492.00","53298",14,3,"0.00",0
"2025-01-01","2025-01",2025,1,"KEPULAUAN RIAU",2,"127341.00","63671",6,1,"0.00",0
"2025-01-01","2025-01",2025,1,"LAMPUNG",21,"969835.00","46183",51,6,"0.00",0
"2025-01-01","2025-01",2025,1,"NANGGROE ACEH DARUSSALAM (NAD)",6,"236360.00","39393",15,5,"0.00",0
"2025-01-01","2025-01",2025,1,"NUSA TENGGARA BARAT (NTB)",3,"684276.00","228092",14,2,"0.00",0
"2025-01-01","2025-01",2025,1,"NUSA TENGGARA TIMUR (NTT)",3,"221232.00","73744",7,3,"0.00",0
"2025-01-01","2025-01",2025,1,"RIAU",11,"425077.00","38643",24,6,"0.00",0
"2025-01-01","2025-01",2025,1,"SULAWESI SELATAN",16,"3745390.00","234087",120,7,"170000.00",1
"2025-01-01","2025-01",2025,1,"SULAWESI TENGAH",4,"263256.00","65814",9,2,"0.00",0
"2025-01-01","2025-01",2025,1,"SULAWESI TENGGARA",1,"122500.00","122500",2,1,"0.00",0
"2025-01-01","2025-01",2025,1,"SUMATERA BARAT",11,"654512.00","59501",28,5,"0.00",0
"2025-01-01","2025-01",2025,1,"SUMATERA SELATAN",32,"1411109.00","44097",82,11,"0.00",0
"2025-01-01","2025-01",2025,1,"SUMATERA UTARA",12,"665753.00","55479",27,7,"0.00",0
"2025-02-01","2025-02",2025,2,"BALI",4,"440230.00","110058",5,2,"0.00",0
"2025-02-01","2025-02",2025,2,"BANGKA BELITUNG",6,"648750.00","108125",17,3,"0.00",0
"2025-02-01","2025-02",2025,2,"BANTEN",136,"8487409.00","62407",242,8,"0.00",0
"2025-02-01","2025-02",2025,2,"BENGKULU",4,"149917.00","37479",6,3,"0.00",0
"2025-02-01","2025-02",2025,2,"DI YOGYAKARTA",13,"495196.00","38092",37,4,"10000.00",1
"2025-02-01","2025-02",2025,2,"DKI JAKARTA",116,"8330169.00","71812",488,5,"175000.00",3
"2025-02-01","2025-02",2025,2,"GORONTALO",1,"28768.00","28768",1,1,"0.00",0
"2025-02-01","2025-02",2025,2,"JAMBI",13,"1060754.00","81596",30,6,"0.00",0
"2025-02-01","2025-02",2025,2,"JAWA BARAT",279,"16797375.00","60206",532,26,"2400.00",1
"2025-02-01","2025-02",2025,2,"JAWA TENGAH",55,"2101764.00","38214",151,26,"0.00",0
"2025-02-01","2025-02",2025,2,"JAWA TIMUR",83,"5604470.00","67524",202,27,"10000.00",1
"2025-02-01","2025-02",2025,2,"KALIMANTAN BARAT",8,"534957.00","66870",36,4,"4800.00",2
"2025-02-01","2025-02",2025,2,"KALIMANTAN SELATAN",5,"367287.00","73457",12,4,"0.00",0
"2025-02-01","2025-02",2025,2,"KALIMANTAN TENGAH",4,"274744.00","68686",7,4,"0.00",0
"2025-02-01","2025-02",2025,2,"KALIMANTAN TIMUR",4,"526913.00","131728",14,4,"0.00",0
"2025-02-01","2025-02",2025,2,"KEPULAUAN RIAU",2,"226400.00","113200",3,1,"0.00",0
"2025-02-01","2025-02",2025,2,"LAMPUNG",20,"621984.00","31099",39,8,"0.00",0
"2025-02-01","2025-02",2025,2,"MALUKU",1,"965700.00","965700",2,1,"0.00",0
"2025-02-01","2025-02",2025,2,"NANGGROE ACEH DARUSSALAM (NAD)",3,"133200.00","44400",12,1,"0.00",0
"2025-02-01","2025-02",2025,2,"NUSA TENGGARA BARAT (NTB)",3,"147920.00","49307",6,3,"0.00",0
"2025-02-01","2025-02",2025,2,"NUSA TENGGARA TIMUR (NTT)",2,"235130.00","117565",8,2,"0.00",0
"2025-02-01","2025-02",2025,2,"RIAU",12,"440102.00","36675",17,6,"0.00",0
"2025-02-01","2025-02",2025,2,"SULAWESI SELATAN",4,"184648.00","46162",12,3,"0.00",0
"2025-02-01","2025-02",2025,2,"SULAWESI TENGAH",2,"125280.00","62640",2,2,"0.00",0
"2025-02-01","2025-02",2025,2,"SULAWESI TENGGARA",2,"104020.00","52010",3,1,"0.00",0
"2025-02-01","2025-02",2025,2,"SULAWESI UTARA",1,"58616.00","58616",2,1,"0.00",0
"2025-02-01","2025-02",2025,2,"SUMATERA BARAT",5,"346920.00","69384",23,3,"0.00",0
"2025-02-01","2025-02",2025,2,"SUMATERA SELATAN",38,"3088687.00","81281",324,12,"363000.00",2
"2025-02-01","2025-02",2025,2,"SUMATERA UTARA",9,"560716.00","62302",23,4,"0.00",0
"2025-03-01","2025-03",2025,3,"BALI",6,"382518.00","63753",17,4,"0.00",0
"2025-03-01","2025-03",2025,3,"BANGKA BELITUNG",4,"237762.00","59441",11,2,"0.00",0
"2025-03-01","2025-03",2025,3,"BANTEN",101,"8561306.00","84765",213,7,"0.00",0
"2025-03-01","2025-03",2025,3,"BENGKULU",1,"10500.00","10500",3,1,"0.00",0
"2025-03-01","2025-03",2025,3,"DI YOGYAKARTA",8,"492109.00","61514",13,5,"0.00",0
"2025-03-01","2025-03",2025,3,"DKI JAKARTA",62,"3356534.00","54138",249,5,"0.00",0
"2025-03-01","2025-03",2025,3,"GORONTALO",4,"283004.00","70751",7,1,"0.00",0
"2025-03-01","2025-03",2025,3,"JAMBI",11,"712935.00","64812",19,6,"0.00",0
"2025-03-01","2025-03",2025,3,"JAWA BARAT",161,"11199101.00","69560",290,25,"0.00",0
"2025-03-01","2025-03",2025,3,"JAWA TENGAH",39,"4096917.00","105049",264,18,"0.00",0
"2025-03-01","2025-03",2025,3,"JAWA TIMUR",47,"5337489.00","113564",138,25,"0.00",0
"2025-03-01","2025-03",2025,3,"KALIMANTAN BARAT",2,"79265.00","39633",5,2,"0.00",0
"2025-03-01","2025-03",2025,3,"KALIMANTAN SELATAN",8,"453897.00","56737",14,6,"0.00",0
"2025-03-01","2025-03",2025,3,"KALIMANTAN TENGAH",2,"148432.00","74216",6,2,"0.00",0
"2025-03-01","2025-03",2025,3,"KALIMANTAN TIMUR",4,"338339.00","84585",10,3,"0.00",0
"2025-03-01","2025-03",2025,3,"KEPULAUAN RIAU",2,"109100.00","54550",5,2,"0.00",0
"2025-03-01","2025-03",2025,3,"LAMPUNG",16,"1408450.00","88028",90,7,"0.00",0
"2025-03-01","2025-03",2025,3,"NANGGROE ACEH DARUSSALAM (NAD)",1,"27520.00","27520",1,1,"0.00",0
"2025-03-01","2025-03",2025,3,"NUSA TENGGARA TIMUR (NTT)",1,"42600.00","42600",1,1,"0.00",0
"2025-03-01","2025-03",2025,3,"RIAU",6,"214072.00","35679",10,4,"0.00",0
"2025-03-01","2025-03",2025,3,"SULAWESI SELATAN",2,"71736.00","35868",7,2,"0.00",0
"2025-03-01","2025-03",2025,3,"SULAWESI TENGAH",1,"156194.00","156194",1,1,"0.00",0
"2025-03-01","2025-03",2025,3,"SUMATERA BARAT",3,"191225.00","63742",6,2,"0.00",0
"2025-03-01","2025-03",2025,3,"SUMATERA SELATAN",16,"5224970.00","326561",863,5,"881250.00",4
"2025-03-01","2025-03",2025,3,"SUMATERA UTARA",8,"553795.00","69224",18,8,"0.00",0
"2025-04-01","2025-04",2025,4,"BALI",6,"284199.00","47367",14,3,"0.00",0
"2025-04-01","2025-04",2025,4,"BANGKA BELITUNG",6,"702001.00","117000",9,5,"0.00",0
"2025-04-01","2025-04",2025,4,"BANTEN",103,"6214801.00","60338",319,7,"450000.00",2
"2025-04-01","2025-04",2025,4,"BENGKULU",6,"170965.00","28494",8,4,"0.00",0
"2025-04-01","2025-04",2025,4,"DI YOGYAKARTA",9,"347634.00","38626",21,3,"0.00",0
"2025-04-01","2025-04",2025,4,"DKI JAKARTA",101,"3623011.00","35871",276,5,"0.00",0
"2025-04-01","2025-04",2025,4,"GORONTALO",3,"116953.00","38984",5,3,"0.00",0
"2025-04-01","2025-04",2025,4,"JAMBI",12,"601296.00","50108",33,7,"0.00",0
"2025-04-01","2025-04",2025,4,"JAWA BARAT",234,"9153398.00","39117",433,26,"5000.00",1
"2025-04-01","2025-04",2025,4,"JAWA TENGAH",46,"3056513.00","66446",136,22,"0.00",0
"2025-04-01","2025-04",2025,4,"JAWA TIMUR",42,"3386085.00","80621",80,21,"0.00",0
"2025-04-01","2025-04",2025,4,"KALIMANTAN BARAT",8,"414060.00","51758",21,5,"0.00",0
"2025-04-01","2025-04",2025,4,"KALIMANTAN SELATAN",5,"271018.00","54204",13,4,"0.00",0
"2025-04-01","2025-04",2025,4,"KALIMANTAN TENGAH",4,"135591.00","33898",7,3,"0.00",0
"2025-04-01","2025-04",2025,4,"KALIMANTAN TIMUR",1,"47280.00","47280",1,1,"0.00",0
"2025-04-01","2025-04",2025,4,"KEPULAUAN RIAU",1,"49296.00","49296",5,1,"0.00",0
"2025-04-01","2025-04",2025,4,"LAMPUNG",17,"636610.00","37448",36,7,"0.00",0
"2025-04-01","2025-04",2025,4,"NANGGROE ACEH DARUSSALAM (NAD)",4,"261603.00","65401",5,3,"0.00",0
"2025-04-01","2025-04",2025,4,"NUSA TENGGARA BARAT (NTB)",3,"1826120.00","608707",3,3,"0.00",0
"2025-04-01","2025-04",2025,4,"NUSA TENGGARA TIMUR (NTT)",1,"88360.00","88360",1,1,"0.00",0
"2025-04-01","2025-04",2025,4,"RIAU",17,"811214.00","47718",28,5,"0.00",0
"2025-04-01","2025-04",2025,4,"SULAWESI BARAT",1,"28800.00","28800",1,1,"0.00",0
"2025-04-01","2025-04",2025,4,"SULAWESI SELATAN",13,"1212208.00","93247",70,7,"12000.00",1
"2025-04-01","2025-04",2025,4,"SULAWESI TENGAH",2,"151786.00","75893",2,2,"0.00",0
"2025-04-01","2025-04",2025,4,"SULAWESI UTARA",1,"110720.00","110720",2,1,"0.00",0
"2025-04-01","2025-04",2025,4,"SUMATERA BARAT",6,"191598.00","31933",13,4,"0.00",0
"2025-04-01","2025-04",2025,4,"SUMATERA SELATAN",19,"776203.00","40853",40,10,"0.00",0
"2025-04-01","2025-04",2025,4,"SUMATERA UTARA",7,"408336.00","58334",22,5,"0.00",0
"2025-05-01","2025-05",2025,5,"BALI",2,"69600.00","34800",5,1,"0.00",0
"2025-05-01","2025-05",2025,5,"BANGKA BELITUNG",1,"33000.00","33000",2,1,"0.00",0
"2025-05-01","2025-05",2025,5,"BANTEN",123,"4706693.00","38266",217,8,"0.00",0
"2025-05-01","2025-05",2025,5,"BENGKULU",5,"237086.00","47417",10,3,"0.00",0
"2025-05-01","2025-05",2025,5,"DI YOGYAKARTA",6,"230677.00","38446",15,4,"0.00",0
"2025-05-01","2025-05",2025,5,"DKI JAKARTA",63,"1715615.00","27232",116,5,"0.00",0
"2025-05-01","2025-05",2025,5,"GORONTALO",1,"36900.00","36900",1,1,"0.00",0
"2025-05-01","2025-05",2025,5,"JAMBI",13,"623535.00","47964",22,7,"0.00",0
"2025-05-01","2025-05",2025,5,"JAWA BARAT",224,"9680368.00","43216",475,26,"0.00",0
"2025-05-01","2025-05",2025,5,"JAWA TENGAH",59,"4448527.00","75399",130,24,"0.00",0
"2025-05-01","2025-05",2025,5,"JAWA TIMUR",51,"2286018.00","44824",81,28,"0.00",0
"2025-05-01","2025-05",2025,5,"KALIMANTAN BARAT",6,"296596.00","49433",12,5,"0.00",0
"2025-05-01","2025-05",2025,5,"KALIMANTAN SELATAN",5,"212428.00","42486",9,4,"0.00",0
"2025-05-01","2025-05",2025,5,"KALIMANTAN TENGAH",3,"242306.00","80769",4,2,"0.00",0
"2025-05-01","2025-05",2025,5,"KALIMANTAN TIMUR",2,"158920.00","79460",2,2,"0.00",0
"2025-05-01","2025-05",2025,5,"LAMPUNG",21,"1298635.00","61840",39,9,"0.00",0
"2025-05-01","2025-05",2025,5,"NANGGROE ACEH DARUSSALAM (NAD)",4,"161755.00","40439",8,4,"0.00",0
"2025-05-01","2025-05",2025,5,"NUSA TENGGARA BARAT (NTB)",2,"141438.00","70719",6,2,"0.00",0
"2025-05-01","2025-05",2025,5,"NUSA TENGGARA TIMUR (NTT)",1,"83000.00","83000",5,1,"0.00",0
"2025-05-01","2025-05",2025,5,"RIAU",11,"397022.00","36093",29,6,"0.00",0
"2025-05-01","2025-05",2025,5,"SULAWESI SELATAN",12,"579424.00","48285",50,4,"0.00",0
"2025-05-01","2025-05",2025,5,"SUMATERA BARAT",8,"324429.00","40554",15,4,"0.00",0
"2025-05-01","2025-05",2025,5,"SUMATERA SELATAN",20,"681312.00","34066",38,9,"0.00",0
"2025-05-01","2025-05",2025,5,"SUMATERA UTARA",6,"494122.00","82354",12,5,"0.00",0
"2025-06-01","2025-06",2025,6,"BALI",5,"1924065.00","384813",10,2,"0.00",0
"2025-06-01","2025-06",2025,6,"BANGKA BELITUNG",2,"79000.00","39500",2,2,"0.00",0
"2025-06-01","2025-06",2025,6,"BANTEN",105,"7275072.00","69286",245,8,"120000.00",1
"2025-06-01","2025-06",2025,6,"BENGKULU",3,"259900.00","86633",3,3,"0.00",0
"2025-06-01","2025-06",2025,6,"DI YOGYAKARTA",15,"428031.00","28535",27,5,"0.00",0
"2025-06-01","2025-06",2025,6,"DKI JAKARTA",57,"1740998.00","30544",141,5,"0.00",0
"2025-06-01","2025-06",2025,6,"GORONTALO",1,"112025.00","112025",1,1,"0.00",0
"2025-06-01","2025-06",2025,6,"JAMBI",1,"43950.00","43950",1,1,"0.00",0
"2025-06-01","2025-06",2025,6,"JAWA BARAT",183,"9243046.00","50508",516,25,"0.00",0
"2025-06-01","2025-06",2025,6,"JAWA TENGAH",50,"2858018.00","57160",102,25,"0.00",0
"2025-06-01","2025-06",2025,6,"JAWA TIMUR",36,"2753825.00","76495",68,19,"0.00",0
"2025-06-01","2025-06",2025,6,"KALIMANTAN BARAT",4,"188200.00","47050",16,3,"0.00",0
"2025-06-01","2025-06",2025,6,"KALIMANTAN SELATAN",5,"333400.00","66680",10,4,"0.00",0
"2025-06-01","2025-06",2025,6,"KALIMANTAN TIMUR",1,"42000.00","42000",1,1,"0.00",0
"2025-06-01","2025-06",2025,6,"LAMPUNG",10,"586110.00","58611",15,8,"0.00",0
"2025-06-01","2025-06",2025,6,"MALUKU",2,"125000.00","62500",7,1,"0.00",0
"2025-06-01","2025-06",2025,6,"MALUKU UTARA",1,"158140.00","158140",3,1,"0.00",0
"2025-06-01","2025-06",2025,6,"NANGGROE ACEH DARUSSALAM (NAD)",2,"65300.00","32650",4,2,"0.00",0
"2025-06-01","2025-06",2025,6,"NUSA TENGGARA BARAT (NTB)",3,"495525.00","165175",4,2,"0.00",0
"2025-06-01","2025-06",2025,6,"RIAU",1,"37700.00","37700",1,1,"0.00",0
"2025-06-01","2025-06",2025,6,"SULAWESI BARAT",1,"100600.00","100600",4,1,"0.00",0
"2025-06-01","2025-06",2025,6,"SULAWESI SELATAN",8,"473575.00","59197",22,5,"0.00",0
"2025-06-01","2025-06",2025,6,"SULAWESI UTARA",1,"0.00","0",1,1,"0.00",0
"2025-06-01","2025-06",2025,6,"SUMATERA BARAT",2,"85300.00","42650",2,2,"0.00",0
"2025-06-01","2025-06",2025,6,"SUMATERA SELATAN",18,"932216.00","51790",24,4,"0.00",0
"2025-06-01","2025-06",2025,6,"SUMATERA UTARA",3,"235500.00","78500",9,2,"0.00",0
"2025-07-01","2025-07",2025,7,"BALI",7,"1694685.00","242098",23,4,"8400.00",1
"2025-07-01","2025-07",2025,7,"BANGKA BELITUNG",3,"64402.00","21467",3,2,"0.00",0
"2025-07-01","2025-07",2025,7,"BANTEN",122,"6377272.00","52273",249,8,"6000.00",1
"2025-07-01","2025-07",2025,7,"BENGKULU",6,"810700.00","135117",9,6,"0.00",0
"2025-07-01","2025-07",2025,7,"DI YOGYAKARTA",7,"127700.00","18243",10,3,"0.00",0
"2025-07-01","2025-07",2025,7,"DKI JAKARTA",70,"2132426.00","30463",152,5,"0.00",0
"2025-07-01","2025-07",2025,7,"GORONTALO",2,"57300.00","28650",2,1,"0.00",0
"2025-07-01","2025-07",2025,7,"JAMBI",13,"1014369.00","78028",35,7,"0.00",0
"2025-07-01","2025-07",2025,7,"JAWA BARAT",198,"12674639.00","64013",583,25,"0.00",0
"2025-07-01","2025-07",2025,7,"JAWA TENGAH",78,"5126514.00","65725",206,27,"4500.00",1
"2025-07-01","2025-07",2025,7,"JAWA TIMUR",71,"4816148.00","67833",164,23,"22500.00",1
"2025-07-01","2025-07",2025,7,"KALIMANTAN BARAT",3,"368160.00","122720",6,3,"0.00",0
"2025-07-01","2025-07",2025,7,"KALIMANTAN SELATAN",5,"162300.00","32460",9,5,"0.00",0
"2025-07-01","2025-07",2025,7,"KALIMANTAN TENGAH",5,"316465.00","63293",8,4,"0.00",0
"2025-07-01","2025-07",2025,7,"KALIMANTAN TIMUR",3,"214940.00","71647",11,3,"0.00",0
"2025-07-01","2025-07",2025,7,"KEPULAUAN RIAU",2,"174500.00","87250",4,2,"0.00",0
"2025-07-01","2025-07",2025,7,"LAMPUNG",12,"367340.00","30612",18,9,"0.00",0
"2025-07-01","2025-07",2025,7,"NANGGROE ACEH DARUSSALAM (NAD)",1,"58200.00","58200",3,1,"0.00",0
"2025-07-01","2025-07",2025,7,"NUSA TENGGARA BARAT (NTB)",2,"928500.00","464250",4,2,"0.00",0
"2025-07-01","2025-07",2025,7,"RIAU",8,"396461.00","49558",25,4,"0.00",0
"2025-07-01","2025-07",2025,7,"SULAWESI SELATAN",16,"1184910.00","74057",82,7,"0.00",0
"2025-07-01","2025-07",2025,7,"SULAWESI TENGAH",2,"138025.00","69013",4,1,"0.00",0
"2025-07-01","2025-07",2025,7,"SULAWESI TENGGARA",2,"443431.00","221716",7,2,"0.00",0
"2025-07-01","2025-07",2025,7,"SULAWESI UTARA",1,"46000.00","46000",1,1,"0.00",0
"2025-07-01","2025-07",2025,7,"SUMATERA BARAT",11,"506800.00","46073",29,9,"0.00",0
"2025-07-01","2025-07",2025,7,"SUMATERA SELATAN",19,"1082998.00","57000",35,9,"0.00",0
"2025-07-01","2025-07",2025,7,"SUMATERA UTARA",7,"357376.00","51054",11,5,"0.00",0
"2025-08-01","2025-08",2025,8,"BALI",4,"943750.00","235938",4,3,"0.00",0
"2025-08-01","2025-08",2025,8,"BANGKA BELITUNG",1,"33000.00","33000",2,1,"0.00",0
"2025-08-01","2025-08",2025,8,"BANTEN",138,"5539742.00","40143",304,8,"119400.00",2
"2025-08-01","2025-08",2025,8,"BENGKULU",6,"172600.00","28767",7,5,"0.00",0
"2025-08-01","2025-08",2025,8,"DI YOGYAKARTA",12,"416410.00","34701",30,5,"0.00",0
"2025-08-01","2025-08",2025,8,"DKI JAKARTA",81,"3407583.00","42069",213,5,"0.00",0
"2025-08-01","2025-08",2025,8,"GORONTALO",3,"134525.00","44842",4,2,"0.00",0
"2025-08-01","2025-08",2025,8,"JAMBI",31,"1645476.00","53080",55,8,"0.00",0
"2025-08-01","2025-08",2025,8,"JAWA BARAT",268,"11161189.00","41646",473,27,"24500.00",2
"2025-08-01","2025-08",2025,8,"JAWA TENGAH",81,"3776737.00","46626",213,30,"0.00",0
"2025-08-01","2025-08",2025,8,"JAWA TIMUR",85,"8484672.00","99820",186,30,"0.00",0
"2025-08-01","2025-08",2025,8,"KALIMANTAN BARAT",11,"1094156.00","99469",27,7,"0.00",0
"2025-08-01","2025-08",2025,8,"KALIMANTAN SELATAN",3,"1016400.00","338800",38,3,"0.00",0
"2025-08-01","2025-08",2025,8,"KALIMANTAN TENGAH",4,"266200.00","66550",27,2,"0.00",0
"2025-08-01","2025-08",2025,8,"KALIMANTAN TIMUR",5,"568448.00","113690",11,2,"0.00",0
"2025-08-01","2025-08",2025,8,"KALIMANTAN UTARA",1,"61000.00","61000",4,1,"0.00",0
"2025-08-01","2025-08",2025,8,"KEPULAUAN RIAU",2,"139700.00","69850",10,2,"0.00",0
"2025-08-01","2025-08",2025,8,"LAMPUNG",30,"1389269.00","46309",50,9,"0.00",0
"2025-08-01","2025-08",2025,8,"MALUKU",1,"53500.00","53500",1,1,"0.00",0
"2025-08-01","2025-08",2025,8,"MALUKU UTARA",1,"58300.00","58300",3,1,"0.00",0
"2025-08-01","2025-08",2025,8,"NANGGROE ACEH DARUSSALAM (NAD)",6,"214875.00","35813",12,3,"0.00",0
"2025-08-01","2025-08",2025,8,"NUSA TENGGARA BARAT (NTB)",4,"1690078.00","422520",7,4,"0.00",0
"2025-08-01","2025-08",2025,8,"NUSA TENGGARA TIMUR (NTT)",1,"142200.00","142200",7,1,"0.00",0
"2025-08-01","2025-08",2025,8,"RIAU",18,"1257400.00","69856",63,8,"0.00",0
"2025-08-01","2025-08",2025,8,"SULAWESI SELATAN",6,"263500.00","43917",22,4,"0.00",0
"2025-08-01","2025-08",2025,8,"SULAWESI TENGAH",1,"79500.00","79500",5,1,"0.00",0
"2025-08-01","2025-08",2025,8,"SULAWESI UTARA",1,"58500.00","58500",4,1,"0.00",0
"2025-08-01","2025-08",2025,8,"SUMATERA BARAT",14,"699200.00","49943",41,7,"0.00",0
"2025-08-01","2025-08",2025,8,"SUMATERA SELATAN",27,"1566706.00","58026",61,12,"0.00",0
"2025-08-01","2025-08",2025,8,"SUMATERA UTARA",9,"615800.00","68422",12,6,"0.00",0
"2025-09-01","2025-09",2025,9,"BALI",7,"287590.00","41084",8,3,"0.00",0
"2025-09-01","2025-09",2025,9,"BANGKA BELITUNG",5,"244425.00","48885",12,4,"0.00",0
"2025-09-01","2025-09",2025,9,"BANTEN",155,"7375602.00","47585",355,8,"109900.00",3
"2025-09-01","2025-09",2025,9,"BENGKULU",7,"450231.00","64319",12,4,"0.00",0
"2025-09-01","2025-09",2025,9,"DI YOGYAKARTA",13,"300497.00","23115",28,5,"0.00",0
"2025-09-01","2025-09",2025,9,"DKI JAKARTA",131,"6509961.00","49694",353,5,"0.00",0
"2025-09-01","2025-09",2025,9,"GORONTALO",3,"131425.00","43808",3,2,"0.00",0
"2025-09-01","2025-09",2025,9,"JAMBI",23,"1140788.00","49599",56,8,"0.00",0
"2025-09-01","2025-09",2025,9,"JAWA BARAT",279,"8401269.00","30112",449,26,"14400.00",1
"2025-09-01","2025-09",2025,9,"JAWA TENGAH",102,"6348694.00","62242",219,32,"0.00",0
"2025-09-01","2025-09",2025,9,"JAWA TIMUR",107,"5620995.00","52533",174,32,"0.00",0
"2025-09-01","2025-09",2025,9,"KALIMANTAN BARAT",10,"580125.00","58013",46,8,"0.00",0
"2025-09-01","2025-09",2025,9,"KALIMANTAN SELATAN",6,"509370.00","84895",31,5,"0.00",0
"2025-09-01","2025-09",2025,9,"KALIMANTAN TENGAH",11,"723897.00","65809",17,5,"0.00",0
"2025-09-01","2025-09",2025,9,"KALIMANTAN TIMUR",3,"290199.00","96733",6,3,"0.00",0
"2025-09-01","2025-09",2025,9,"KEPULAUAN RIAU",3,"113300.00","37767",6,1,"0.00",0
"2025-09-01","2025-09",2025,9,"LAMPUNG",30,"1348799.00","44960",50,10,"0.00",0
"2025-09-01","2025-09",2025,9,"MALUKU",1,"47000.00","47000",2,1,"0.00",0
"2025-09-01","2025-09",2025,9,"NANGGROE ACEH DARUSSALAM (NAD)",7,"286800.00","40971",17,6,"0.00",0
"2025-09-01","2025-09",2025,9,"NUSA TENGGARA BARAT (NTB)",4,"269200.00","67300",6,4,"0.00",0
"2025-09-01","2025-09",2025,9,"NUSA TENGGARA TIMUR (NTT)",1,"66000.00","66000",11,1,"0.00",0
"2025-09-01","2025-09",2025,9,"PAPUA BARAT",1,"145000.00","145000",6,1,"0.00",0
"2025-09-01","2025-09",2025,9,"RIAU",20,"817363.00","40868",66,9,"0.00",0
"2025-09-01","2025-09",2025,9,"SULAWESI SELATAN",13,"981650.00","75512",76,6,"0.00",0
"2025-09-01","2025-09",2025,9,"SULAWESI TENGAH",1,"62000.00","62000",4,1,"0.00",0
"2025-09-01","2025-09",2025,9,"SULAWESI TENGGARA",2,"83500.00","41750",3,1,"0.00",0
"2025-09-01","2025-09",2025,9,"SULAWESI UTARA",5,"785150.00","157030",13,3,"0.00",0
"2025-09-01","2025-09",2025,9,"SUMATERA BARAT",14,"332400.00","23743",21,8,"0.00",0
"2025-09-01","2025-09",2025,9,"SUMATERA SELATAN",34,"2016456.00","59308",163,13,"128800.00",1
"2025-09-01","2025-09",2025,9,"SUMATERA UTARA",18,"786916.00","43718",38,9,"0.00",0
"2025-10-01","2025-10",2025,10,"BALI",14,"6593707.00","470979",40,6,"0.00",0
"2025-10-01","2025-10",2025,10,"BANGKA BELITUNG",5,"125290.00","25058",8,3,"0.00",0
"2025-10-01","2025-10",2025,10,"BANTEN",152,"12205767.00","80301",297,8,"0.00",0
"2025-10-01","2025-10",2025,10,"BENGKULU",4,"117500.00","29375",10,4,"0.00",0
"2025-10-01","2025-10",2025,10,"DI YOGYAKARTA",20,"507152.00","25358",43,5,"0.00",0
"2025-10-01","2025-10",2025,10,"DKI JAKARTA",124,"5446096.00","43920",327,5,"24000.00",1
"2025-10-01","2025-10",2025,10,"GORONTALO",3,"117500.00","39167",5,2,"0.00",0
"2025-10-01","2025-10",2025,10,"JAMBI",25,"893904.00","35756",50,8,"0.00",0
"2025-10-01","2025-10",2025,10,"JAWA BARAT",332,"10026926.00","30202",545,25,"0.00",0
"2025-10-01","2025-10",2025,10,"JAWA TENGAH",103,"8198644.00","79598",227,30,"0.00",0
"2025-10-01","2025-10",2025,10,"JAWA TIMUR",78,"3577602.00","45867",149,33,"0.00",0
"2025-10-01","2025-10",2025,10,"KALIMANTAN BARAT",13,"664387.00","51107",39,6,"0.00",0
"2025-10-01","2025-10",2025,10,"KALIMANTAN SELATAN",10,"374201.00","37420",23,8,"0.00",0
"2025-10-01","2025-10",2025,10,"KALIMANTAN TENGAH",11,"647987.00","58908",34,5,"0.00",0
"2025-10-01","2025-10",2025,10,"KALIMANTAN TIMUR",11,"1430298.00","130027",35,5,"0.00",0
"2025-10-01","2025-10",2025,10,"KALIMANTAN UTARA",1,"74000.00","74000",12,1,"0.00",0
"2025-10-01","2025-10",2025,10,"KEPULAUAN RIAU",4,"123500.00","30875",7,3,"0.00",0
"2025-10-01","2025-10",2025,10,"LAMPUNG",34,"1377984.00","40529",68,13,"0.00",0
"2025-10-01","2025-10",2025,10,"MALUKU",1,"36500.00","36500",2,1,"0.00",0
"2025-10-01","2025-10",2025,10,"NANGGROE ACEH DARUSSALAM (NAD)",8,"255114.00","31889",16,6,"0.00",0
"2025-10-01","2025-10",2025,10,"NUSA TENGGARA BARAT (NTB)",9,"1575700.00","175078",17,6,"0.00",0
"2025-10-01","2025-10",2025,10,"NUSA TENGGARA TIMUR (NTT)",2,"333680.00","166840",5,2,"0.00",0
"2025-10-01","2025-10",2025,10,"RIAU",28,"1108964.00","39606",63,11,"0.00",0
"2025-10-01","2025-10",2025,10,"SULAWESI BARAT",1,"29499.00","29499",1,1,"0.00",0
"2025-10-01","2025-10",2025,10,"SULAWESI SELATAN",9,"2748526.00","305392",55,6,"0.00",0
"2025-10-01","2025-10",2025,10,"SULAWESI TENGAH",3,"123800.00","41267",4,3,"0.00",0
"2025-10-01","2025-10",2025,10,"SULAWESI TENGGARA",3,"97900.00","32633",4,2,"0.00",0
"2025-10-01","2025-10",2025,10,"SULAWESI UTARA",1,"45500.00","45500",2,1,"0.00",0
"2025-10-01","2025-10",2025,10,"SUMATERA BARAT",19,"530419.00","27917",35,11,"0.00",0
"2025-10-01","2025-10",2025,10,"SUMATERA SELATAN",31,"775400.00","25013",52,11,"0.00",0
"2025-10-01","2025-10",2025,10,"SUMATERA UTARA",33,"1301207.00","39431",74,18,"0.00",0
"2025-11-01","2025-11",2025,11,"BALI",11,"684686.00","62244",18,5,"0.00",0
"2025-11-01","2025-11",2025,11,"BANGKA BELITUNG",5,"179796.00","35959",14,3,"0.00",0
"2025-11-01","2025-11",2025,11,"BANTEN",110,"5058610.00","45987",308,8,"87508.00",5
"2025-11-01","2025-11",2025,11,"BENGKULU",11,"241919.00","21993",17,6,"0.00",0
"2025-11-01","2025-11",2025,11,"DI YOGYAKARTA",9,"167290.00","18588",12,3,"1.00",1
"2025-11-01","2025-11",2025,11,"DKI JAKARTA",87,"4297085.00","49392",179,6,"6.00",4
"2025-11-01","2025-11",2025,11,"GORONTALO",3,"77399.00","25800",6,3,"0.00",0
"2025-11-01","2025-11",2025,11,"JAMBI",13,"549713.00","42286",33,5,"0.00",0
"2025-11-01","2025-11",2025,11,"JAWA BARAT",211,"8147967.00","38616",373,25,"8.00",4
"2025-11-01","2025-11",2025,11,"JAWA TENGAH",76,"2867927.00","37736",146,29,"14.00",3
"2025-11-01","2025-11",2025,11,"JAWA TIMUR",66,"2314367.00","35066",109,25,"2.00",1
"2025-11-01","2025-11",2025,11,"KALIMANTAN BARAT",7,"263497.00","37642",20,4,"0.00",0
"2025-11-01","2025-11",2025,11,"KALIMANTAN SELATAN",15,"541451.00","36097",35,10,"1.00",1
"2025-11-01","2025-11",2025,11,"KALIMANTAN TENGAH",6,"431194.00","71866",27,4,"0.00",0
"2025-11-01","2025-11",2025,11,"KALIMANTAN TIMUR",5,"498200.00","99640",9,3,"0.00",0
"2025-11-01","2025-11",2025,11,"KALIMANTAN UTARA",1,"418500.00","418500",1,1,"0.00",0
"2025-11-01","2025-11",2025,11,"KEPULAUAN RIAU",4,"257749.00","64437",16,4,"0.00",0
"2025-11-01","2025-11",2025,11,"LAMPUNG",25,"923388.00","36936",51,10,"0.00",0
"2025-11-01","2025-11",2025,11,"NANGGROE ACEH DARUSSALAM (NAD)",12,"427093.00","35591",24,7,"3.00",1
"2025-11-01","2025-11",2025,11,"NUSA TENGGARA BARAT (NTB)",5,"550594.00","110119",9,4,"0.00",0
"2025-11-01","2025-11",2025,11,"RIAU",21,"881176.00","41961",56,9,"1.00",1
"2025-11-01","2025-11",2025,11,"SULAWESI SELATAN",5,"316617.00","63323",31,4,"1.00",1
"2025-11-01","2025-11",2025,11,"SULAWESI TENGAH",2,"288556.00","144278",2,1,"0.00",0
"2025-11-01","2025-11",2025,11,"SULAWESI TENGGARA",1,"88897.00","88897",3,1,"0.00",0
"2025-11-01","2025-11",2025,11,"SULAWESI UTARA",1,"49290.00","49290",4,1,"0.00",0
"2025-11-01","2025-11",2025,11,"SUMATERA BARAT",17,"719352.00","42315",40,9,"0.00",0
"2025-11-01","2025-11",2025,11,"SUMATERA SELATAN",35,"2220223.00","63435",193,13,"139150.00",1
"2025-11-01","2025-11",2025,11,"SUMATERA UTARA",16,"824878.00","51555",26,10,"5.00",1
