"segment","customer_count","customer_pct","avg_recency_days","avg_frequency","avg_monetary","total_monetary","revenue_pct"
"Champions",88,"21.52","6","153.3","8481308","746355124","71.38"
"Loyal Customers",56,"13.69","15","37.6","2653286","148584029","14.21"
"At Risk",35,"8.56","36","27.9","1968397","68893879","6.59"
"Hibernating",66,"16.14","156","3.9","361482","23857821","2.28"
"Need Attention",43,"10.51","39","7.7","502737","21617678","2.07"
"Potential Loyalists",40,"9.78","13","9.1","540298","21611912","2.07"
"Lost",55,"13.45","302","1.5","110723","6089755","0.58"
"Cannot Lose Them",6,"1.47","90","16.2","1008258","6049550","0.58"
"Promising",18,"4.40","17","3.4","122704","2208663","0.21"
"New Customers",2,"0.49","8","3.5","141162","282323","0.03"
