analysis_level,payment_method,payment_category,payment_category_detail,order_month,year_month,total_orders,completed_orders,cancelled_orders,cancellation_rate_pct,total_revenue,avg_order_value,total_discount,avg_discount,discount_utilization_pct,high_value_orders,high_value_order_pct,mom_growth_pct,monthly_revenue_share_pct,revenue_rank
cod_vs_digital,Non-COD (Digital),Non-COD (Digital),Non-COD (Digital),,,9310,7946,1286,13.81,642895666.00,80908,6526936.00,821,1.04,202.0,2.17,,,
cod_vs_digital,COD,COD,COD,,,11538,9822,1544,13.38,402655068.00,40995,283314.00,29,0.33,29.0,0.25,,,
method_detail,COD (Bayar di Tempat),COD,COD,,,11538,9822,1544,13.38,402655068.00,40995,283314.00,,0.33,,,,,1.0
method_detail,Online Payment,Non-COD (Digital),Online Payment / Bank Transfer,,,3170,2552,588,18.55,241870196.00,94777,4715167.00,,1.64,,,,,2.0
method_detail,Saldo ShopeePay,Non-COD (Digital),ShopeePay (E-Wallet),,,3692,3342,322,8.72,238446585.00,71348,1274861.00,,0.81,,,,,3.0
method_detail,SPayLater,Non-COD (Digital),Other Digital,,,1485,1251,221,14.88,96595599.00,77215,113403.00,,0.40,,,,,4.0
method_detail,SeaBank Bayar Instan,Non-COD (Digital),Online Payment / Bank Transfer,,,637,545,85,13.34,36169351.00,66366,411505.00,,1.10,,,,,5.0
method_detail,Kartu Kredit/Debit,Non-COD (Digital),Other Digital,,,222,193,29,13.06,19393054.00,100482,12000.00,,0.45,,,,,6.0
method_detail,Alfamart/Alfamidi/Dan+Dan,Non-COD (Digital),Other Digital,,,36,19,17,47.22,5170730.00,272144,0.00,,0.00,,,,,7.0
method_detail,Indomaret/i.Saku,Non-COD (Digital),Other Digital,,,43,22,21,48.84,4344947.00,197498,0.00,,0.00,,,,,8.0
method_detail,Cicilan Kartu Kredit,Non-COD (Digital),Other Digital,,,3,3,0,0.00,789704.00,263235,0.00,,0.00,,,,,9.0
method_detail,BCA OneKlik,Non-COD (Digital),Other Digital,,,3,2,1,33.33,115500.00,57750,0.00,,33.33,,,,,10.0
method_detail,Pembayaran dibebaskan,Non-COD (Digital),Other Digital,,,18,17,1,5.56,0.00,0,0.00,,0.00,,,,,11.0
method_detail,Mitra Shopee,Non-COD (Digital),Other Digital,,,1,0,1,100.00,0,,0,,0.00,,,,,11.0
monthly_trend,COD,COD,COD,2023-12-01,2023-12,206,171,35,,7799797.00,45613,,,,,,,32.70,
monthly_trend,ShopeePay (E-Wallet),Non-COD (Digital),ShopeePay (E-Wallet),2023-12-01,2023-12,93,79,14,,7034064.00,89039,,,,,,,29.49,
monthly_trend,Online Payment / Bank Transfer,Non-COD (Digital),Online Payment / Bank Transfer,2023-12-01,2023-12,114,81,33,,5183182.00,63990,,,,,,,21.73,
monthly_trend,Other Digital,Non-COD (Digital),Other Digital,2023-12-01,2023-12,31,21,10,,3833082.00,182528,,,,,,,16.07,
monthly_trend,COD,COD,COD,2024-01-01,2024-01,226,192,34,,9537238.00,49673,,,,,,22.28,38.94,
monthly_trend,Online Payment / Bank Transfer,Non-COD (Digital),Online Payment / Bank Transfer,2024-01-01,2024-01,76,59,17,,5671707.00,96131,,,,,,9.43,23.16,
monthly_trend,ShopeePay (E-Wallet),Non-COD (Digital),ShopeePay (E-Wallet),2024-01-01,2024-01,96,87,9,,5648061.00,64920,,,,,,-19.70,23.06,
monthly_trend,Other Digital,Non-COD (Digital),Other Digital,2024-01-01,2024-01,33,29,4,,3635475.00,125361,,,,,,-5.16,14.84,
monthly_trend,COD,COD,COD,2024-02-01,2024-02,188,163,25,,8728567.00,53549,,,,,,-8.48,41.29,
monthly_trend,Online Payment / Bank Transfer,Non-COD (Digital),Online Payment / Bank Transfer,2024-02-01,2024-02,72,54,18,,6695303.00,123987,,,,,,18.05,31.67,
monthly_trend,ShopeePay (E-Wallet),Non-COD (Digital),ShopeePay (E-Wallet),2024-02-01,2024-02,96,90,6,,4487323.00,49859,,,,,,-20.55,21.23,
monthly_trend,Other Digital,Non-COD (Digital),Other Digital,2024-02-01,2024-02,33,20,13,,1230183.00,61509,,,,,,-66.16,5.82,
monthly_trend,Online Payment / Bank Transfer,Non-COD (Digital),Online Payment / Bank Transfer,2024-03-01,2024-03,96,76,20,,10352003.00,136211,,,,,,54.62,34.21,
monthly_trend,COD,COD,COD,2024-03-01,2024-03,204,173,31,,8816851.00,50964,,,,,,1.01,29.14,
monthly_trend,ShopeePay (E-Wallet),Non-COD (Digital),ShopeePay (E-Wallet),2024-03-01,2024-03,101,94,7,,7280431.00,77451,,,,,,62.24,24.06,
monthly_trend,Other Digital,Non-COD (Digital),Other Digital,2024-03-01,2024-03,52,46,6,,3810449.00,82836,,,,,,209.75,12.59,
monthly_trend,COD,COD,COD,2024-04-01,2024-04,261,208,53,,9684787.00,46561,,,,,,9.84,45.55,
monthly_trend,ShopeePay (E-Wallet),Non-COD (Digital),ShopeePay (E-Wallet),2024-04-01,2024-04,106,94,12,,5781464.00,61505,,,,,,-20.59,27.19,
monthly_trend,Online Payment / Bank Transfer,Non-COD (Digital),Online Payment / Bank Transfer,2024-04-01,2024-04,79,60,19,,3387285.00,56455,,,,,,-67.28,15.93,
monthly_trend,Other Digital,Non-COD (Digital),Other Digital,2024-04-01,2024-04,46,41,5,,2407126.00,58710,,,,,,-36.83,11.32,
monthly_trend,COD,COD,COD,2024-05-01,2024-05,318,269,49,,12044995.00,44777,,,,,,24.37,33.90,
monthly_trend,Online Payment / Bank Transfer,Non-COD (Digital),Online Payment / Bank Transfer,2024-05-01,2024-05,111,86,25,,11387506.00,132413,,,,,,236.18,32.05,
monthly_trend,ShopeePay (E-Wallet),Non-COD (Digital),ShopeePay (E-Wallet),2024-05-01,2024-05,127,119,8,,6756300.00,56776,,,,,,16.86,19.02,
monthly_trend,Other Digital,Non-COD (Digital),Other Digital,2024-05-01,2024-05,64,51,13,,5341773.00,104741,,,,,,121.91,15.03,
monthly_trend,COD,COD,COD,2024-06-01,2024-06,404,349,55,,13817420.00,39591,,,,,,14.72,42.56,
monthly_trend,Other Digital,Non-COD (Digital),Other Digital,2024-06-01,2024-06,78,65,13,,7201077.00,110786,,,,,,34.81,22.18,
monthly_trend,ShopeePay (E-Wallet),Non-COD (Digital),ShopeePay (E-Wallet),2024-06-01,2024-06,127,122,5,,5915620.00,48489,,,,,,-12.44,18.22,
monthly_trend,Online Payment / Bank Transfer,Non-COD (Digital),Online Payment / Bank Transfer,2024-06-01,2024-06,88,72,16,,5531808.00,76831,,,,,,-51.42,17.04,
monthly_trend,COD,COD,COD,2024-07-01,2024-07,696,600,96,,22611328.00,37686,,,,,,63.64,35.45,
monthly_trend,Online Payment / Bank Transfer,Non-COD (Digital),Online Payment / Bank Transfer,2024-07-01,2024-07,226,200,26,,20213166.00,101066,,,,,,265.40,31.69,
monthly_trend,ShopeePay (E-Wallet),Non-COD (Digital),ShopeePay (E-Wallet),2024-07-01,2024-07,223,207,16,,11070104.00,53479,,,,,,87.13,17.35,
monthly_trend,Other Digital,Non-COD (Digital),Other Digital,2024-07-01,2024-07,125,107,18,,9896947.00,92495,,,,,,37.44,15.51,
monthly_trend,COD,COD,COD,2024-08-01,2024-08,669,560,109,,20590152.00,36768,,,,,,-8.94,31.23,
monthly_trend,Online Payment / Bank Transfer,Non-COD (Digital),Online Payment / Bank Transfer,2024-08-01,2024-08,251,203,48,,20575529.00,101357,,,,,,1.79,31.20,
monthly_trend,ShopeePay (E-Wallet),Non-COD (Digital),ShopeePay (E-Wallet),2024-08-01,2024-08,260,236,24,,16104367.00,68239,,,,,,45.48,24.42,
monthly_trend,Other Digital,Non-COD (Digital),Other Digital,2024-08-01,2024-08,113,98,15,,8669078.00,88460,,,,,,-12.41,13.15,
monthly_trend,Online Payment / Bank Transfer,Non-COD (Digital),Online Payment / Bank Transfer,2024-09-01,2024-09,223,184,39,,24176060.00,131392,,,,,,17.50,33.96,
monthly_trend,ShopeePay (E-Wallet),Non-COD (Digital),ShopeePay (E-Wallet),2024-09-01,2024-09,201,183,18,,21068063.00,115126,,,,,,30.82,29.59,
monthly_trend,COD,COD,COD,2024-09-01,2024-09,603,521,82,,20084305.00,38550,,,,,,-2.46,28.21,
monthly_trend,Other Digital,Non-COD (Digital),Other Digital,2024-09-01,2024-09,96,79,17,,5864669.00,74236,,,,,,-32.35,8.24,
monthly_trend,COD,COD,COD,2024-10-01,2024-10,678,585,93,,27807809.00,47535,,,,,,38.46,40.63,
monthly_trend,Online Payment / Bank Transfer,Non-COD (Digital),Online Payment / Bank Transfer,2024-10-01,2024-10,220,190,30,,18005417.00,94765,,,,,,-25.52,26.31,
monthly_trend,ShopeePay (E-Wallet),Non-COD (Digital),ShopeePay (E-Wallet),2024-10-01,2024-10,225,204,21,,14879732.00,72940,,,,,,-29.37,21.74,
monthly_trend,Other Digital,Non-COD (Digital),Other Digital,2024-10-01,2024-10,94,79,15,,7751297.00,98118,,,,,,32.17,11.32,
monthly_trend,COD,COD,COD,2024-11-01,2024-11,557,472,85,,21698620.00,45972,,,,,,-21.97,39.52,
monthly_trend,ShopeePay (E-Wallet),Non-COD (Digital),ShopeePay (E-Wallet),2024-11-01,2024-11,200,179,21,,15052751.00,84094,,,,,,1.16,27.41,
monthly_trend,Online Payment / Bank Transfer,Non-COD (Digital),Online Payment / Bank Transfer,2024-11-01,2024-11,199,171,28,,13367281.00,78171,,,,,,-25.76,24.34,
monthly_trend,Other Digital,Non-COD (Digital),Other Digital,2024-11-01,2024-11,81,70,11,,4789288.00,68418,,,,,,-38.21,8.72,
monthly_trend,COD,COD,COD,2024-12-01,2024-12,602,516,86,,21454635.00,41579,,,,,,-1.12,38.27,
monthly_trend,Online Payment / Bank Transfer,Non-COD (Digital),Online Payment / Bank Transfer,2024-12-01,2024-12,251,207,44,,19143269.00,92480,,,,,,43.21,34.15,
monthly_trend,ShopeePay (E-Wallet),Non-COD (Digital),ShopeePay (E-Wallet),2024-12-01,2024-12,253,231,22,,12450233.00,53897,,,,,,-17.29,22.21,
monthly_trend,Other Digital,Non-COD (Digital),Other Digital,2024-12-01,2024-12,108,93,15,,3012121.00,32388,,,,,,-37.11,5.37,
monthly_trend,COD,COD,COD,2025-01-01,2025-01,607,534,73,,22283547.00,41729,,,,,,3.86,41.85,
monthly_trend,Online Payment / Bank Transfer,Non-COD (Digital),Online Payment / Bank Transfer,2025-01-01,2025-01,233,194,39,,14403448.00,74245,,,,,,-24.76,27.05,
monthly_trend,ShopeePay (E-Wallet),Non-COD (Digital),ShopeePay (E-Wallet),2025-01-01,2025-01,190,176,14,,10169858.00,57783,,,,,,-18.32,19.10,
monthly_trend,Other Digital,Non-COD (Digital),Other Digital,2025-01-01,2025-01,120,101,19,,6383779.00,63206,,,,,,111.94,11.99,
monthly_trend,COD,COD,COD,2025-02-01,2025-02,460,389,71,,15582468.00,40058,,,,,,-30.07,29.35,
monthly_trend,Online Payment / Bank Transfer,Non-COD (Digital),Online Payment / Bank Transfer,2025-02-01,2025-02,207,181,26,,14223857.00,78585,,,,,,-1.25,26.79,
monthly_trend,ShopeePay (E-Wallet),Non-COD (Digital),ShopeePay (E-Wallet),2025-02-01,2025-02,194,177,17,,12251139.00,69215,,,,,,20.47,23.08,
monthly_trend,Other Digital,Non-COD (Digital),Other Digital,2025-02-01,2025-02,96,88,8,,11030562.00,125347,,,,,,72.79,20.78,
monthly_trend,Online Payment / Bank Transfer,Non-COD (Digital),Online Payment / Bank Transfer,2025-03-01,2025-03,160,110,50,,16749545.00,152269,,,,,,17.76,38.34,
monthly_trend,COD,COD,COD,2025-03-01,2025-03,298,255,43,,11502899.00,45109,,,,,,-26.18,26.33,
monthly_trend,ShopeePay (E-Wallet),Non-COD (Digital),ShopeePay (E-Wallet),2025-03-01,2025-03,98,92,6,,8437785.00,91715,,,,,,-31.13,19.31,
monthly_trend,Other Digital,Non-COD (Digital),Other Digital,2025-03-01,2025-03,72,59,13,,6999541.00,118636,,,,,,-36.54,16.02,
monthly_trend,COD,COD,COD,2025-04-01,2025-04,472,394,78,,13959962.00,35431,,,,,,21.36,39.80,
monthly_trend,ShopeePay (E-Wallet),Non-COD (Digital),ShopeePay (E-Wallet),2025-04-01,2025-04,143,121,22,,10351660.00,85551,,,,,,22.68,29.51,
monthly_trend,Online Payment / Bank Transfer,Non-COD (Digital),Online Payment / Bank Transfer,2025-04-01,2025-04,134,108,26,,7730143.00,71575,,,,,,-53.85,22.04,
monthly_trend,Other Digital,Non-COD (Digital),Other Digital,2025-04-01,2025-04,75,55,20,,3035894.00,55198,,,,,,-56.63,8.65,
monthly_trend,COD,COD,COD,2025-05-01,2025-05,506,404,102,,17285458.00,42786,,,,,,23.82,59.32,
monthly_trend,Online Payment / Bank Transfer,Non-COD (Digital),Online Payment / Bank Transfer,2025-05-01,2025-05,114,90,24,,4917314.00,54637,,,,,,-36.39,16.88,
monthly_trend,ShopeePay (E-Wallet),Non-COD (Digital),ShopeePay (E-Wallet),2025-05-01,2025-05,130,101,29,,4661784.00,46156,,,,,,-54.97,16.00,
monthly_trend,Other Digital,Non-COD (Digital),Other Digital,2025-05-01,2025-05,69,54,15,,2274850.00,42127,,,,,,-25.07,7.81,
monthly_trend,COD,COD,COD,2025-06-01,2025-06,345,295,50,,10163589.00,34453,,,,,,-41.20,33.24,
monthly_trend,Online Payment / Bank Transfer,Non-COD (Digital),Online Payment / Bank Transfer,2025-06-01,2025-06,117,89,28,,9775004.00,109832,,,,,,98.79,31.97,
monthly_trend,ShopeePay (E-Wallet),Non-COD (Digital),ShopeePay (E-Wallet),2025-06-01,2025-06,100,92,8,,5911498.00,64255,,,,,,26.81,19.33,
monthly_trend,Other Digital,Non-COD (Digital),Other Digital,2025-06-01,2025-06,53,44,9,,4726405.00,107418,,,,,,107.77,15.46,
monthly_trend,COD,COD,COD,2025-07-01,2025-07,472,419,53,,20832241.00,49719,,,,,,104.97,50.03,
monthly_trend,ShopeePay (E-Wallet),Non-COD (Digital),ShopeePay (E-Wallet),2025-07-01,2025-07,126,117,9,,12223662.00,104476,,,,,,106.78,29.35,
monthly_trend,Online Payment / Bank Transfer,Non-COD (Digital),Online Payment / Bank Transfer,2025-07-01,2025-07,120,101,19,,6712024.00,66456,,,,,,-31.33,16.12,
monthly_trend,Other Digital,Non-COD (Digital),Other Digital,2025-07-01,2025-07,48,39,9,,1874634.00,48068,,,,,,-60.34,4.50,
monthly_trend,COD,COD,COD,2025-08-01,2025-08,587,537,50,,21735679.00,40476,,,,,,4.34,46.29,
monthly_trend,Online Payment / Bank Transfer,Non-COD (Digital),Online Payment / Bank Transfer,2025-08-01,2025-08,166,139,27,,12393586.00,89162,,,,,,84.65,26.40,
monthly_trend,Other Digital,Non-COD (Digital),Other Digital,2025-08-01,2025-08,76,70,6,,7319634.00,104566,,,,,,290.46,15.59,
monthly_trend,ShopeePay (E-Wallet),Non-COD (Digital),ShopeePay (E-Wallet),2025-08-01,2025-08,113,109,4,,5501517.00,50473,,,,,,-54.99,11.72,
monthly_trend,COD,COD,COD,2025-09-01,2025-09,684,619,65,,20701511.00,33443,,,,,,-4.76,43.99,
monthly_trend,ShopeePay (E-Wallet),Non-COD (Digital),ShopeePay (E-Wallet),2025-09-01,2025-09,172,158,14,,12233107.00,77425,,,,,,122.36,26.00,
monthly_trend,Online Payment / Bank Transfer,Non-COD (Digital),Online Payment / Bank Transfer,2025-09-01,2025-09,192,167,25,,11024631.00,66016,,,,,,-11.05,23.43,
monthly_trend,Other Digital,Non-COD (Digital),Other Digital,2025-09-01,2025-09,83,72,11,,3097353.00,43019,,,,,,-57.68,6.58,
monthly_trend,COD,COD,COD,2025-10-01,2025-10,773,701,72,,26595231.00,37939,,,,,,28.47,43.27,
monthly_trend,ShopeePay (E-Wallet),Non-COD (Digital),ShopeePay (E-Wallet),2025-10-01,2025-10,165,161,4,,16244518.00,100898,,,,,,32.79,26.43,
monthly_trend,Online Payment / Bank Transfer,Non-COD (Digital),Online Payment / Bank Transfer,2025-10-01,2025-10,183,156,27,,10091122.00,64687,,,,,,-8.47,16.42,
monthly_trend,Other Digital,Non-COD (Digital),Other Digital,2025-10-01,2025-10,84,74,10,,8533783.00,115321,,,,,,175.52,13.88,
monthly_trend,COD,COD,COD,2025-11-01,2025-11,722,496,54,,17335979.00,34952,,,,,,-34.82,50.56,
monthly_trend,ShopeePay (E-Wallet),Non-COD (Digital),ShopeePay (E-Wallet),2025-11-01,2025-11,153,113,12,,6931544.00,61341,,,,,,-57.33,20.22,
monthly_trend,Online Payment / Bank Transfer,Non-COD (Digital),Online Payment / Bank Transfer,2025-11-01,2025-11,175,119,19,,6329357.00,53188,,,,,,-37.28,18.46,
monthly_trend,Other Digital,Non-COD (Digital),Other Digital,2025-11-01,2025-11,81,52,16,,3690534.00,70972,,,,,,-56.75,10.76,
