analysis_level,courier,service_type,province,total_orders,completed_orders,cancelled_orders,cancellation_rate_pct,total_revenue,avg_order_value,total_shipping_collected,avg_shipping_cost,total_items_shipped,total_weight_gr,province_rank_per_courier,order_share_pct,revenue_share_pct
courier_summary,Agen SPX Express,,,96,75,21,21.88,3725422.00,49672,593500.00,7913,188.0,87520.0,,0.46,0.36
courier_summary,GoSend Instant (Versi Lama),,,10,9,1,10.00,762039.00,84671,100500.00,11167,38.0,87760.0,,0.05,0.07
courier_summary,GoSend Instant Prioritas,,,1,0,1,100.00,0,,0,,0.0,0.0,,0.00,0.00
courier_summary,GoSend Same Day,,,11,9,2,18.18,562087.00,62454,207000.00,23000,18.0,21500.0,,0.05,0.05
courier_summary,Gosend Instant,,,1,1,0,0.00,107063.00,107063,8500.00,8500,1.0,7000.0,,0.00,0.01
courier_summary,GrabExpress Instant,,,6,3,3,50.00,475910.00,158637,17500.00,5833,3.0,21500.0,,0.03,0.05
courier_summary,GrabExpress Instant (Versi Lama),,,8,6,2,25.00,420281.00,70047,13000.00,2167,18.0,47450.0,,0.04,0.04
courier_summary,GrabExpress Sameday,,,1,1,0,0.00,37000.00,37000,18000.00,18000,1.0,500.0,,0.00,0.00
courier_summary,Hemat Kargo,,,13312,11230,1863,13.99,546030626.00,48622,58837765.00,5239,22618.0,15447726.0,,63.85,52.22
courier_summary,Instant,,,45,35,9,20.00,6735273.00,192436,195000.00,5571,115.0,224900.0,,0.22,0.64
courier_summary,Instant (Versi Lama),,,411,322,89,21.65,79860865.00,248015,5210000.00,16180,2131.0,3826910.0,,1.97,7.64
courier_summary,Instant Prioritas,,,2,2,0,0.00,131400.00,65700,40000.00,20000,13.0,4500.0,,0.01,0.01
courier_summary,J&T Cargo,,,61,48,12,19.67,10780395.00,224592,452264.00,9422,265.0,501830.0,,0.29,1.03
courier_summary,J&T Economy,,,5,2,3,60.00,87072.00,43536,28000.00,14000,4.0,3670.0,,0.02,0.01
courier_summary,J&T Express,,,31,27,4,12.90,1429129.00,52931,65900.00,2441,60.0,32160.0,,0.15,0.14
courier_summary,JNE Reguler,,,29,27,2,6.90,794246.00,29417,5000.00,185,66.0,32700.0,,0.14,0.08
courier_summary,JNE Trucking (JTR),,,2,2,0,0.00,3182215.00,1591108,0.00,0,10.0,58000.0,,0.01,0.30
courier_summary,JNE YES,,,2,2,0,0.00,598860.00,299430,126000.00,63000,12.0,23430.0,,0.01,0.06
courier_summary,Kargo,,,388,312,76,19.59,144794459.00,464085,7517041.00,24093,6194.0,5891560.0,,1.86,13.85
courier_summary,Next Day,,,30,26,4,13.33,2087237.00,80278,645500.00,24827,58.0,27300.0,,0.14,0.20
courier_summary,Reguler (Cashless),,,5262,4649,592,11.25,181732061.00,39091,6629496.00,1426,9292.0,4887405.0,,25.24,17.38
courier_summary,SPX Express Point,,,20,18,2,10.00,1004063.00,55781,142500.00,7917,55.0,46380.0,,0.10,0.10
courier_summary,SPX Hemat,,,543,472,66,12.15,16318235.00,34573,896000.00,1898,827.0,576600.0,,2.60,1.56
courier_summary,SPX Instant,,,5,3,2,40.00,526800.00,175600,27700.00,9233,8.0,23000.0,,0.02,0.05
courier_summary,SPX Instant (Versi Lama),,,8,7,1,12.50,703820.00,100546,123336.00,17619,22.0,55200.0,,0.04,0.07
courier_summary,SPX Instant Prioritas,,,1,1,0,0.00,93300.00,93300,21400.00,21400,4.0,400.0,,0.00,0.01
courier_summary,SPX Sameday,,,21,18,2,9.52,1333708.00,74095,264615.00,14701,85.0,39980.0,,0.10,0.13
courier_summary,SPX Standard,,,192,166,24,12.50,8374137.00,50447,802000.00,4831,330.0,209330.0,,0.92,0.80
courier_summary,Same Day,,,344,295,49,14.24,32863031.00,111400,3761000.00,12749,1761.0,1782164.0,,1.65,3.14
province_courier_matrix,Agen SPX Express,,LAMPUNG,27,22,5,18.52,1151976.00,52363,,,,,1.0,,
province_courier_matrix,Agen SPX Express,,SUMATERA SELATAN,16,13,3,18.75,722402.00,55569,,,,,2.0,,
province_courier_matrix,Agen SPX Express,,KALIMANTAN SELATAN,7,4,3,42.86,310602.00,77651,,,,,3.0,,
province_courier_matrix,Agen SPX Express,,SUMATERA UTARA,7,6,1,14.29,284744.00,47457,,,,,3.0,,
province_courier_matrix,Agen SPX Express,,JAMBI,6,5,1,16.67,229391.00,45878,,,,,5.0,,
province_courier_matrix,Agen SPX Express,,KALIMANTAN TENGAH,6,4,2,33.33,181164.00,45291,,,,,5.0,,
province_courier_matrix,Agen SPX Express,,BANGKA BELITUNG,5,5,0,0.00,247533.00,49507,,,,,7.0,,
province_courier_matrix,Agen SPX Express,,KALIMANTAN TIMUR,5,5,0,0.00,193038.00,38608,,,,,7.0,,
province_courier_matrix,Agen SPX Express,,JAWA TIMUR,3,2,1,33.33,48779.00,24390,,,,,9.0,,
province_courier_matrix,Agen SPX Express,,NANGGROE ACEH DARUSSALAM (NAD),3,2,1,33.33,135576.00,67788,,,,,9.0,,
province_courier_matrix,GoSend Instant (Versi Lama),,BANTEN,6,5,1,16.67,349990.00,69998,,,,,1.0,,
province_courier_matrix,GoSend Instant (Versi Lama),,DKI JAKARTA,4,4,0,0.00,412049.00,103012,,,,,2.0,,
province_courier_matrix,GoSend Instant Prioritas,,BANTEN,1,0,1,100.00,0,,,,,,1.0,,
province_courier_matrix,GoSend Same Day,,BANTEN,8,7,1,12.50,452787.00,64684,,,,,1.0,,
province_courier_matrix,GoSend Same Day,,DKI JAKARTA,3,2,1,33.33,109300.00,54650,,,,,2.0,,
province_courier_matrix,Gosend Instant,,BANTEN,1,1,0,0.00,107063.00,107063,,,,,1.0,,
province_courier_matrix,GrabExpress Instant,,BANTEN,5,3,2,40.00,475910.00,158637,,,,,1.0,,
province_courier_matrix,GrabExpress Instant,,DKI JAKARTA,1,0,1,100.00,0,,,,,,2.0,,
province_courier_matrix,GrabExpress Instant (Versi Lama),,BANTEN,7,6,1,14.29,420281.00,70047,,,,,1.0,,
province_courier_matrix,GrabExpress Instant (Versi Lama),,DKI JAKARTA,1,0,1,100.00,0,,,,,,2.0,,
province_courier_matrix,GrabExpress Sameday,,BANTEN,1,1,0,0.00,37000.00,37000,,,,,1.0,,
province_courier_matrix,Hemat Kargo,,JAWA BARAT,4549,3972,527,11.58,170871061.00,43019,,,,,1.0,,
province_courier_matrix,Hemat Kargo,,BANTEN,1889,1643,232,12.28,55868184.00,34004,,,,,2.0,,
province_courier_matrix,Hemat Kargo,,DKI JAKARTA,1474,1300,168,11.40,45597973.00,35075,,,,,3.0,,
province_courier_matrix,Hemat Kargo,,JAWA TIMUR,1087,907,160,14.72,53380773.00,58854,,,,,4.0,,
province_courier_matrix,Hemat Kargo,,JAWA TENGAH,1030,870,142,13.79,54448937.00,62585,,,,,5.0,,
province_courier_matrix,Hemat Kargo,,SUMATERA SELATAN,423,349,67,15.84,16859222.00,48307,,,,,6.0,,
province_courier_matrix,Hemat Kargo,,LAMPUNG,259,217,38,14.67,11197269.00,51600,,,,,7.0,,
province_courier_matrix,Hemat Kargo,,RIAU,256,197,47,18.36,10328149.00,52427,,,,,8.0,,
province_courier_matrix,Hemat Kargo,,SUMATERA UTARA,250,191,50,20.00,13209129.00,69158,,,,,9.0,,
province_courier_matrix,Hemat Kargo,,JAMBI,237,183,45,18.99,9560800.00,52245,,,,,10.0,,
province_courier_matrix,Instant,,BANTEN,27,21,5,18.52,4365737.00,207892,,,,,1.0,,
province_courier_matrix,Instant,,DKI JAKARTA,18,14,4,22.22,2369536.00,169253,,,,,2.0,,
province_courier_matrix,Instant (Versi Lama),,BANTEN,283,227,56,19.79,44228332.00,194838,,,,,1.0,,
province_courier_matrix,Instant (Versi Lama),,DKI JAKARTA,127,94,33,25.98,34367960.00,365617,,,,,2.0,,
province_courier_matrix,Instant (Versi Lama),,JAWA BARAT,1,1,0,0.00,1264573.00,1264573,,,,,3.0,,
province_courier_matrix,Instant Prioritas,,DKI JAKARTA,2,2,0,0.00,131400.00,65700,,,,,1.0,,
province_courier_matrix,J&T Cargo,,KALIMANTAN TIMUR,10,5,5,50.00,1452540.00,290508,,,,,1.0,,
province_courier_matrix,J&T Cargo,,JAWA BARAT,7,7,0,0.00,1907457.00,272494,,,,,2.0,,
province_courier_matrix,J&T Cargo,,LAMPUNG,7,7,0,0.00,1003820.00,143403,,,,,2.0,,
province_courier_matrix,J&T Cargo,,BALI,6,4,2,33.33,928965.00,232241,,,,,4.0,,
province_courier_matrix,J&T Cargo,,BENGKULU,5,2,3,60.00,243162.00,121581,,,,,5.0,,
province_courier_matrix,J&T Cargo,,SUMATERA SELATAN,5,5,0,0.00,1366371.00,273274,,,,,5.0,,
province_courier_matrix,J&T Cargo,,BANTEN,4,4,0,0.00,577695.00,144424,,,,,7.0,,
province_courier_matrix,J&T Cargo,,RIAU,4,4,0,0.00,435377.00,108844,,,,,7.0,,
province_courier_matrix,J&T Cargo,,JAWA TENGAH,3,3,0,0.00,271891.00,90630,,,,,9.0,,
province_courier_matrix,J&T Cargo,,SUMATERA UTARA,3,2,1,33.33,248156.00,124078,,,,,9.0,,
province_courier_matrix,J&T Economy,,BALI,3,1,2,66.67,39480.00,39480,,,,,1.0,,
province_courier_matrix,J&T Economy,,SULAWESI SELATAN,1,0,1,100.00,0,,,,,,2.0,,
province_courier_matrix,J&T Economy,,SUMATERA SELATAN,1,1,0,0.00,47592.00,47592,,,,,2.0,,
province_courier_matrix,J&T Express,,JAWA BARAT,12,10,2,16.67,462344.00,46234,,,,,1.0,,
province_courier_matrix,J&T Express,,JAWA TENGAH,4,4,0,0.00,62736.00,15684,,,,,2.0,,
province_courier_matrix,J&T Express,,JAWA TIMUR,4,3,1,25.00,504332.00,168111,,,,,2.0,,
province_courier_matrix,J&T Express,,BANTEN,3,3,0,0.00,139302.00,46434,,,,,4.0,,
province_courier_matrix,J&T Express,,DI YOGYAKARTA,2,2,0,0.00,79131.00,39566,,,,,5.0,,
province_courier_matrix,J&T Express,,DKI JAKARTA,2,2,0,0.00,47432.00,23716,,,,,5.0,,
province_courier_matrix,J&T Express,,KALIMANTAN BARAT,1,1,0,0.00,30312.00,30312,,,,,7.0,,
province_courier_matrix,J&T Express,,RIAU,1,1,0,0.00,43640.00,43640,,,,,7.0,,
province_courier_matrix,J&T Express,,SULAWESI UTARA,1,0,1,100.00,0,,,,,,7.0,,
province_courier_matrix,J&T Express,,SUMATERA UTARA,1,1,0,0.00,59900.00,59900,,,,,7.0,,
province_courier_matrix,JNE Reguler,,BANTEN,15,15,0,0.00,372755.00,24850,,,,,1.0,,
province_courier_matrix,JNE Reguler,,JAWA BARAT,7,7,0,0.00,199197.00,28457,,,,,2.0,,
province_courier_matrix,JNE Reguler,,DKI JAKARTA,5,3,2,40.00,86394.00,28798,,,,,3.0,,
province_courier_matrix,JNE Reguler,,JAMBI,1,1,0,0.00,36900.00,36900,,,,,4.0,,
province_courier_matrix,JNE Reguler,,SUMATERA BARAT,1,1,0,0.00,99000.00,99000,,,,,4.0,,
province_courier_matrix,JNE Trucking (JTR),,DKI JAKARTA,1,1,0,0.00,158790.00,158790,,,,,1.0,,
province_courier_matrix,JNE Trucking (JTR),,JAWA BARAT,1,1,0,0.00,3023425.00,3023425,,,,,1.0,,
province_courier_matrix,JNE YES,,DKI JAKARTA,1,1,0,0.00,52000.00,52000,,,,,1.0,,
province_courier_matrix,JNE YES,,JAWA BARAT,1,1,0,0.00,546860.00,546860,,,,,1.0,,
province_courier_matrix,Kargo,,JAWA BARAT,104,95,9,8.65,36910906.00,388536,,,,,1.0,,
province_courier_matrix,Kargo,,JAWA TENGAH,53,49,4,7.55,25799970.00,526530,,,,,2.0,,
province_courier_matrix,Kargo,,JAWA TIMUR,51,32,19,37.25,20657200.00,645538,,,,,3.0,,
province_courier_matrix,Kargo,,DKI JAKARTA,45,34,11,24.44,10427123.00,306680,,,,,4.0,,
province_courier_matrix,Kargo,,BANTEN,35,28,7,20.00,16477739.00,588491,,,,,5.0,,
province_courier_matrix,Kargo,,SUMATERA SELATAN,34,23,11,32.35,15929077.00,692569,,,,,6.0,,
province_courier_matrix,Kargo,,BALI,10,9,1,10.00,2227569.00,247508,,,,,7.0,,
province_courier_matrix,Kargo,,LAMPUNG,9,6,3,33.33,3125475.00,520913,,,,,8.0,,
province_courier_matrix,Kargo,,RIAU,9,6,3,33.33,1239577.00,206596,,,,,8.0,,
province_courier_matrix,Kargo,,DI YOGYAKARTA,7,6,1,14.29,1019941.00,169990,,,,,10.0,,
province_courier_matrix,Next Day,,DKI JAKARTA,15,13,2,13.33,620670.00,47744,,,,,1.0,,
province_courier_matrix,Next Day,,JAWA BARAT,13,12,1,7.69,1373167.00,114431,,,,,2.0,,
province_courier_matrix,Next Day,,SUMATERA SELATAN,1,0,1,100.00,0,,,,,,3.0,,
province_courier_matrix,Next Day,,SUMATERA UTARA,1,1,0,0.00,93400.00,93400,,,,,3.0,,
province_courier_matrix,Reguler (Cashless),,JAWA BARAT,1853,1644,203,10.96,56107906.00,34129,,,,,1.0,,
province_courier_matrix,Reguler (Cashless),,BANTEN,1049,949,96,9.15,29433787.00,31016,,,,,2.0,,
province_courier_matrix,Reguler (Cashless),,DKI JAKARTA,1020,910,107,10.49,27033932.00,29708,,,,,3.0,,
province_courier_matrix,Reguler (Cashless),,JAWA TIMUR,418,350,66,15.79,17745840.00,50702,,,,,4.0,,
province_courier_matrix,Reguler (Cashless),,JAWA TENGAH,378,336,38,10.05,17973690.00,53493,,,,,5.0,,
province_courier_matrix,Reguler (Cashless),,LAMPUNG,86,77,9,10.47,2801145.00,36379,,,,,6.0,,
province_courier_matrix,Reguler (Cashless),,DI YOGYAKARTA,58,55,3,5.17,2017744.00,36686,,,,,7.0,,
province_courier_matrix,Reguler (Cashless),,BALI,43,35,8,18.60,3145169.00,89862,,,,,8.0,,
province_courier_matrix,Reguler (Cashless),,KALIMANTAN BARAT,35,30,5,14.29,2188541.00,72951,,,,,9.0,,
province_courier_matrix,Reguler (Cashless),,SUMATERA SELATAN,34,30,4,11.76,1718110.00,57270,,,,,10.0,,
province_courier_matrix,SPX Express Point,,JAWA BARAT,5,5,0,0.00,302327.00,60465,,,,,1.0,,
province_courier_matrix,SPX Express Point,,BANTEN,2,2,0,0.00,63800.00,31900,,,,,2.0,,
province_courier_matrix,SPX Express Point,,SUMATERA SELATAN,2,2,0,0.00,76000.00,38000,,,,,2.0,,
province_courier_matrix,SPX Express Point,,BALI,1,1,0,0.00,77051.00,77051,,,,,4.0,,
province_courier_matrix,SPX Express Point,,DKI JAKARTA,1,1,0,0.00,29800.00,29800,,,,,4.0,,
province_courier_matrix,SPX Express Point,,JAMBI,1,1,0,0.00,32000.00,32000,,,,,4.0,,
province_courier_matrix,SPX Express Point,,JAWA TIMUR,1,1,0,0.00,16000.00,16000,,,,,4.0,,
province_courier_matrix,SPX Express Point,,KALIMANTAN SELATAN,1,1,0,0.00,22101.00,22101,,,,,4.0,,
province_courier_matrix,SPX Express Point,,LAMPUNG,1,1,0,0.00,95000.00,95000,,,,,4.0,,
province_courier_matrix,SPX Express Point,,MALUKU,1,0,1,100.00,0,,,,,,4.0,,
province_courier_matrix,SPX Express Point,,RIAU,1,1,0,0.00,183464.00,183464,,,,,4.0,,
province_courier_matrix,SPX Express Point,,SULAWESI SELATAN,1,1,0,0.00,53000.00,53000,,,,,4.0,,
province_courier_matrix,SPX Express Point,,SULAWESI TENGGARA,1,1,0,0.00,53520.00,53520,,,,,4.0,,
province_courier_matrix,SPX Express Point,,SUMATERA BARAT,1,0,1,100.00,0,,,,,,4.0,,
province_courier_matrix,SPX Hemat,,SUMATERA SELATAN,104,90,13,12.50,3379975.00,37555,,,,,1.0,,
province_courier_matrix,SPX Hemat,,LAMPUNG,82,70,12,14.63,1949892.00,27856,,,,,2.0,,
province_courier_matrix,SPX Hemat,,JAWA BARAT,67,58,7,10.45,1248821.00,21531,,,,,3.0,,
province_courier_matrix,SPX Hemat,,JAMBI,63,57,6,9.52,2967669.00,52064,,,,,4.0,,
province_courier_matrix,SPX Hemat,,RIAU,39,33,6,15.38,1119505.00,33924,,,,,5.0,,
province_courier_matrix,SPX Hemat,,BENGKULU,32,30,1,3.13,1166595.00,38887,,,,,6.0,,
province_courier_matrix,SPX Hemat,,SUMATERA BARAT,32,24,8,25.00,929164.00,38715,,,,,6.0,,
province_courier_matrix,SPX Hemat,,BANTEN,26,25,1,3.85,557083.00,22283,,,,,8.0,,
province_courier_matrix,SPX Hemat,,DKI JAKARTA,22,17,5,22.73,336277.00,19781,,,,,9.0,,
province_courier_matrix,SPX Hemat,,JAWA TIMUR,20,18,2,10.00,851604.00,47311,,,,,10.0,,
province_courier_matrix,SPX Instant,,BANTEN,4,3,1,25.00,526800.00,175600,,,,,1.0,,
province_courier_matrix,SPX Instant,,DKI JAKARTA,1,0,1,100.00,0,,,,,,2.0,,
province_courier_matrix,SPX Instant (Versi Lama),,BANTEN,8,7,1,12.50,703820.00,100546,,,,,1.0,,
province_courier_matrix,SPX Instant Prioritas,,BANTEN,1,1,0,0.00,93300.00,93300,,,,,1.0,,
province_courier_matrix,SPX Sameday,,DKI JAKARTA,11,10,1,9.09,810775.00,81078,,,,,1.0,,
province_courier_matrix,SPX Sameday,,BANTEN,10,8,1,10.00,522933.00,65367,,,,,2.0,,
province_courier_matrix,SPX Standard,,JAWA BARAT,41,35,5,12.20,951913.00,27198,,,,,1.0,,
province_courier_matrix,SPX Standard,,BANTEN,18,17,1,5.56,464515.00,27324,,,,,2.0,,
province_courier_matrix,SPX Standard,,SUMATERA SELATAN,18,16,2,11.11,449272.00,28080,,,,,2.0,,
province_courier_matrix,SPX Standard,,DKI JAKARTA,16,15,1,6.25,285887.00,19059,,,,,4.0,,
province_courier_matrix,SPX Standard,,JAWA TENGAH,15,12,3,20.00,466374.00,38865,,,,,5.0,,
province_courier_matrix,SPX Standard,,JAWA TIMUR,15,13,2,13.33,1519817.00,116909,,,,,5.0,,
province_courier_matrix,SPX Standard,,LAMPUNG,15,13,2,13.33,597181.00,45937,,,,,5.0,,
province_courier_matrix,SPX Standard,,RIAU,7,5,2,28.57,258367.00,51673,,,,,8.0,,
province_courier_matrix,SPX Standard,,BANGKA BELITUNG,6,6,0,0.00,199388.00,33231,,,,,9.0,,
province_courier_matrix,SPX Standard,,JAMBI,6,6,0,0.00,291796.00,48633,,,,,9.0,,
province_courier_matrix,Same Day,,BANTEN,213,187,26,12.21,20587601.00,110094,,,,,1.0,,
province_courier_matrix,Same Day,,DKI JAKARTA,129,106,23,17.83,12076544.00,113930,,,,,2.0,,
province_courier_matrix,Same Day,,JAWA BARAT,2,2,0,0.00,198886.00,99443,,,,,3.0,,
service_type_detail,Agen SPX Express,NaN,,96,75,21,21.88,3725422.00,49672,,7913,,,,,
service_type_detail,GoSend Instant (Versi Lama),NaN,,10,9,1,10.00,762039.00,84671,,11167,,,,,
service_type_detail,GoSend Instant Prioritas,NaN,,1,0,1,100.00,0,,,,,,,,
service_type_detail,GoSend Same Day,NaN,,11,9,2,18.18,562087.00,62454,,23000,,,,,
service_type_detail,Gosend Instant,NaN,,1,1,0,0.00,107063.00,107063,,8500,,,,,
service_type_detail,GrabExpress Instant,NaN,,6,3,3,50.00,475910.00,158637,,5833,,,,,
service_type_detail,GrabExpress Instant (Versi Lama),NaN,,8,6,2,25.00,420281.00,70047,,2167,,,,,
service_type_detail,GrabExpress Sameday,NaN,,1,1,0,0.00,37000.00,37000,,18000,,,,,
service_type_detail,Hemat Kargo,SPX Hemat,,12597,11023,1356,10.76,501000472.00,45450,,4913,,,,,
service_type_detail,Hemat Kargo,NaN,,460,0,460,100.00,0,,,,,,,,
service_type_detail,Hemat Kargo,J&T Economy,,175,138,37,21.14,13390007.00,97029,,27457,,,,,
service_type_detail,Hemat Kargo,J&T Cargo,,72,63,8,11.11,28988829.00,460140,,10549,,,,,
service_type_detail,Hemat Kargo,JNE Trucking (JTR),,8,6,2,25.00,2651318.00,441886,,37850,,,,,
service_type_detail,Instant,SPX Instant,,40,35,4,10.00,6735273.00,192436,,5571,,,,,
service_type_detail,Instant,NaN,,5,0,5,100.00,0,,,,,,,,
service_type_detail,Instant (Versi Lama),SPX Instant (Versi Lama),,336,292,44,13.10,62073976.00,212582,,16726,,,,,
service_type_detail,Instant (Versi Lama),NaN,,42,0,42,100.00,0,,,,,,,,
service_type_detail,Instant (Versi Lama),GoSend Instant (Versi Lama),,22,21,1,4.55,12284640.00,584983,,13238,,,,,
service_type_detail,Instant (Versi Lama),GrabExpress Instant (Versi Lama),,11,9,2,18.18,5502249.00,611361,,5333,,,,,
service_type_detail,Instant Prioritas,SPX Instant Prioritas,,2,2,0,0.00,131400.00,65700,,20000,,,,,
service_type_detail,J&T Cargo,NaN,,61,48,12,19.67,10780395.00,224592,,9422,,,,,
service_type_detail,J&T Economy,NaN,,5,2,3,60.00,87072.00,43536,,14000,,,,,
service_type_detail,J&T Express,NaN,,31,27,4,12.90,1429129.00,52931,,2441,,,,,
service_type_detail,JNE Reguler,NaN,,29,27,2,6.90,794246.00,29417,,185,,,,,
service_type_detail,JNE Trucking (JTR),NaN,,2,2,0,0.00,3182215.00,1591108,,0,,,,,
service_type_detail,JNE YES,NaN,,2,2,0,0.00,598860.00,299430,,63000,,,,,
service_type_detail,Kargo,JNE Trucking (JTR),,190,172,18,9.47,72061474.00,418962,,24889,,,,,
service_type_detail,Kargo,J&T Cargo,,150,140,10,6.67,72732985.00,519521,,23115,,,,,
service_type_detail,Kargo,NaN,,48,0,48,100.00,0,,,,,,,,
service_type_detail,Next Day,JNE YES,,27,26,1,3.70,2087237.00,80278,,24827,,,,,
service_type_detail,Next Day,NaN,,3,0,3,100.00,0,,,,,,,,
service_type_detail,Reguler (Cashless),SPX Standard,,4622,4224,378,8.18,155892198.00,36906,,893,,,,,
service_type_detail,Reguler (Cashless),JNE Reguler,,344,330,13,3.78,16101654.00,48793,,2873,,,,,
service_type_detail,Reguler (Cashless),NaN,,190,0,190,100.00,0,,,,,,,,
service_type_detail,Reguler (Cashless),J&T Express,,106,95,11,10.38,9738209.00,102507,,20093,,,,,
service_type_detail,SPX Express Point,NaN,,20,18,2,10.00,1004063.00,55781,,7917,,,,,
service_type_detail,SPX Hemat,NaN,,543,472,66,12.15,16318235.00,34573,,1898,,,,,
service_type_detail,SPX Instant,NaN,,5,3,2,40.00,526800.00,175600,,9233,,,,,
service_type_detail,SPX Instant (Versi Lama),NaN,,8,7,1,12.50,703820.00,100546,,17619,,,,,
service_type_detail,SPX Instant Prioritas,NaN,,1,1,0,0.00,93300.00,93300,,21400,,,,,
service_type_detail,SPX Sameday,NaN,,21,18,2,9.52,1333708.00,74095,,14701,,,,,
service_type_detail,SPX Standard,NaN,,192,166,24,12.50,8374137.00,50447,,4831,,,,,
service_type_detail,Same Day,SPX Sameday,,302,272,30,9.93,30596009.00,112485,,12386,,,,,
service_type_detail,Same Day,GoSend Same Day,,25,23,2,8.00,2267022.00,98566,,17043,,,,,
service_type_detail,Same Day,NaN,,17,0,17,100.00,0,,,,,,,,
