courier,service_type,total_orders,completed_orders,cancelled_orders,cancellation_rate_pct,total_revenue,avg_order_value,avg_shipping_cost,order_share_pct
Hemat Kargo,SPX Hemat,12597,11023,1356,10.76,501000472,45450,4913,60.42
Reguler (Cashless),SPX Standard,4622,4224,378,8.18,155892198,36906,893,22.17
SPX Hemat,NaN,543,472,66,12.15,16318235,34573,1898,2.60
Hemat Kargo,NaN,460,0,460,100.00,0,,,2.21
Reguler (Cashless),JNE Reguler,344,330,13,3.78,16101654,48793,2873,1.65
Instant (Versi Lama),SPX Instant (Versi Lama),336,292,44,13.10,62073976,212582,16726,1.61
Same Day,SPX Sameday,302,272,30,9.93,30596009,112485,12386,1.45
SPX Standard,NaN,192,166,24,12.50,8374137,50447,4831,0.92
Kargo,JNE Trucking (JTR),190,172,18,9.47,72061474,418962,24889,0.91
Reguler (Cashless),NaN,190,0,190,100.00,0,,,0.91
Hemat Kargo,J&T Economy,175,138,37,21.14,13390007,97029,27457,0.84
Kargo,J&T Cargo,150,140,10,6.67,72732985,519521,23115,0.72
Reguler (Cashless),J&T Express,106,95,11,10.38,9738209,102507,20093,0.51
Agen SPX Express,NaN,96,75,21,21.88,3725422,49672,7913,0.46
Hemat Kargo,J&T Cargo,72,63,8,11.11,28988829,460140,10549,0.35
J&T Cargo,NaN,61,48,12,19.67,10780395,224592,9422,0.29
Kargo,NaN,48,0,48,100.00,0,,,0.23
Instant (Versi Lama),NaN,42,0,42,100.00,0,,,0.20
Instant,SPX Instant,40,35,4,10.00,6735273,192436,5571,0.19
J&T Express,NaN,31,27,4,12.90,1429129,52931,2441,0.15
JNE Reguler,NaN,29,27,2,6.90,794246,29417,185,0.14
Next Day,JNE YES,27,26,1,3.70,2087237,80278,24827,0.13
Same Day,GoSend Same Day,25,23,2,8.00,2267022,98566,17043,0.12
Instant (Versi Lama),GoSend Instant (Versi Lama),22,21,1,4.55,12284640,584983,13238,0.11
SPX Sameday,NaN,21,18,2,9.52,1333708,74095,14701,0.10
SPX Express Point,NaN,20,18,2,10.00,1004063,55781,7917,0.10
Same Day,NaN,17,0,17,100.00,0,,,0.08
GoSend Same Day,NaN,11,9,2,18.18,562087,62454,23000,0.05
Instant (Versi Lama),GrabExpress Instant (Versi Lama),11,9,2,18.18,5502249,611361,5333,0.05
GoSend Instant (Versi Lama),NaN,10,9,1,10.00,762039,84671,11167,0.05
GrabExpress Instant (Versi Lama),NaN,8,6,2,25.00,420281,70047,2167,0.04
Hemat Kargo,JNE Trucking (JTR),8,6,2,25.00,2651318,441886,37850,0.04
SPX Instant (Versi Lama),NaN,8,7,1,12.50,703820,100546,17619,0.04
GrabExpress Instant,NaN,6,3,3,50.00,475910,158637,5833,0.03
Instant,NaN,5,0,5,100.00,0,,,0.02
J&T Economy,NaN,5,2,3,60.00,87072,43536,14000,0.02
SPX Instant,NaN,5,3,2,40.00,526800,175600,9233,0.02
Next Day,NaN,3,0,3,100.00,0,,,0.01
Instant Prioritas,SPX Instant Prioritas,2,2,0,0.00,131400,65700,20000,0.01
JNE Trucking (JTR),NaN,2,2,0,0.00,3182215,1591108,0,0.01
JNE YES,NaN,2,2,0,0.00,598860,299430,63000,0.01
GoSend Instant Prioritas,NaN,1,0,1,100.00,0,,,0.00
Gosend Instant,NaN,1,1,0,0.00,107063,107063,8500,0.00
GrabExpress Sameday,NaN,1,1,0,0.00,37000,37000,18000,0.00
SPX Instant Prioritas,NaN,1,1,0,0.00,93300,93300,21400,0.00
